Clientes-Produtores,Dia,Prod1,Prod2,Prod3,Prod4,Prod5,Prod6,Prod7,Prod8,Prod9,Prod10,Prod11,Prod12,Prod13,Prod14,Prod15,Prod16,Prod17,Prod18,Prod19,Prod20
C1,1,0,0,4.5,0,3,0,0,9.5,0,0,0,2.5,0,10,0,2,0,5,0,0
C2,1,0,0,0,0,5.5,0,0,0,7.5,0,0,0,4,8.5,9.5,0,3.5,0,9,0
C3,1,0,0,8,0,0,8,2,0,9,0,0,0.5,0,9,0,0,0,0,0,0
C4,1,0,0,0,0,0,0,0,0,0,0,0,0,0,0,0,0,0,0,0,0
C5,1,0,0,0,0,0,0,0,0,0,0,0,0,0,0,0,0,0,0,0,0
C6,1,0,8,8.5,8.5,0,0,0,0,5,7,2,8.5,0,4.5,0,0,0,2,0,0
C7,1,0,0,0,0,0,0,0,0,0,0,0,0,0,0,0,0,0,0,0,0
C8,1,0,0,0,9,0,0,0,0,0,0,0,1,0,0,0,0,0,0,0,0
C9,1,0,0,0,0,0,0,0,3.5,0,0,9.5,0,0,1.5,8.5,0,0,0,0,0
C10,1,0,0,0,0,0,0,0,0,0,0,0,0,0,0,0,0,0,0,0,0
C11,1,0,0,0,0,0,0,0,0,0,0,0,0,0,0,0,0,0,0,0,0
C12,1,0,0,0,0,0,0,0,0,0,0,0,0,0,0,0,0,0,0,0,0
C13,1,0,0,0,0,0,0,0,0,0,0,0,0,0,0,0,0,0,0,0,0
C14,1,9,0,1.5,0,0,1,7.5,0,0,0,0,0,6.5,6.5,9.5,0,0,0,6,0
C15,1,0,0,0,6,1,0,0,7,0,0,5.5,3.5,0,7,6,0,0,0,3,0
C16,1,0,0,0,8.5,0,3,8.5,0,0,7,0,0,0,3,10,0,0,0,5,0
C17,1,5,0,9.5,0,0,8,3.5,5.5,0,0,0,0,3,6.5,6.5,0,0,7,0,0
C18,1,0,0,0,0,0,0,0,0,0,0,0,0,0,0,0,0,0,0,0,0
C19,1,0,0,0,0,0,0,0,0,0,0,10,0,0,5,0,0,0,0,0,0
C20,1,0,0,0,0,0,0,7.5,0,0,4.5,0,0,0,0,0,0,7,0,0,0
C21,1,2.5,0,0,0,0,2,0,0,10,0,0,9,0,6.5,0,0,6,0,0,4.5
C22,1,0,0,0,0,0,0,0,0,0,0,0,0,0,0,0,0,0,0,0,0
C23,1,0,0,8,0,0,0,0,2,0,0,0,0,7,0,0,2.5,0,0,1.5,0
C24,1,0,0,0,0,0,0,0,0,0,0,0,0,0,0,0,0,0,0,0,0
C25,1,0,0,0,0,2,1.5,0,0,9,3,0,4.5,0,0,4,0,0,0,0,0.5
C26,1,0,1,0,0,0,0,6.5,0,0,0,0,0,0,0,0,1.5,0,0,5.5,0
C27,1,4,2,0,0,5.5,8.5,0,8.5,0,10,0,0,0,0,0,0,10,5,0,0
C28,1,0,0,0,6,0,4,0,0,8.5,0,0,0,0,9.5,3,2.5,0,9,5.5,6
C29,1,0,0,0,0,0,0,0,0,0,0,0,0,0,0,0,0,0,0,0,0
C30,1,8,0,0,6.5,0,1,6.5,9,0,0,6.5,0,0,0,0,2.5,0,0,0,0
C31,1,0,0,0,0,0,0,0,0,0,0,0,0,0,0,0,0,0,0,0,0
C32,1,0,0,0,8,0,1.5,0,0,0,0,0,0,2.5,0,0,1.5,0,0,0,0
C33,1,0,0,0,0,0,0,0,0,0,0,0,0,0,0,0,0,0,0,0,0
C34,1,0,0,0,8,0,0,0,0,0,0,0,0,5.5,0,0,7.5,0,4,0,5.5
C35,1,0,0,0,0,0,0,0,0,0,0,0,0,0,0,0,0,0,0,0,0
C36,1,0,0,0,2.5,9,4.5,0,0,7.5,0,1.5,6,0,0,8,0,8,6,0,0
C37,1,0,0,0,0,0,0,0,0,0,0,0,0,0,0,0,0,0,0,0,0
C38,1,0,0,0,0,0,0,0,0,0,0,0,0,0,0,0,0,0,0,0,0
C39,1,0,0,0,0,0,0,0,0,0,0,0,0,0,0,0,0,0,0,0,0
C40,1,0,6,5.5,0,0,0,0,0,0,9,0,0,0,0,0,0,0,0,0,0
C41,1,0,0,0,0,0,0,6,0,0,0,0,0,0,0,5.5,0,0,0,0,0
C42,1,0,0,0,0,0,0,0,0,0,0,0,0,0,0,0,0,0,0,0,0
C43,1,0,0,0,0,0,2,4,0,0,7.5,0,0,0,0,0,0,0,0,0,0
C44,1,0,0,0,0,0,0,0,0,0,0,0,8,0,0,0,0,4,0,0,0
C45,1,9.5,0,0,0,5.5,0,0,4,9.5,0,10,0,0,0,0,8,8,7.5,0,8.5
C46,1,0,0,0,0,0,0,0,0,0,0,0,0,0,0,0,0,0,0,0,0
C47,1,0,0,4,0,0,9,0,0,0,0,7.5,0,9.5,3,5.5,1.5,8,0,0,0
C48,1,0,0,0,0,0,0,0,0,0,0,0,0,0,0,0,0,0,0,0,0
C49,1,0,0,3.5,0,0,4,0,0,0,0,0,0,0,0,0,0,4.5,3.5,0,0
C50,1,0,0,0,0,0,0,0,0,0,0,0,0,0,0,0,0,0,0,0,0
C51,1,0,0,0,0,0,0,0,0,0,0,0,0,0,0,0,0,0,0,0,0
C52,1,0,0,0,0,0,0,0,0,0,0,0,0,0,0,0,0,0,0,0,0
C53,1,0,0,0,0,0,0,0,0,0,0,0,0,0,0,0,0,0,0,0,0
C54,1,0,0,0,0,0,0,0,0,0,0,0,0,0,0,0,0,0,0,0,0
C55,1,0,0,0,0,8,0,0,0,0,0,3,0,0,0,3.5,4,0,0,0,0
C56,1,0,0,0,0,0,0,0,0,0,0,0,0,0,0,0,0,0,0,0,0
C57,1,0,0,0,0,0,0,0,0,0,0,0,0,0,0,0,0,0,0,0,0
C58,1,0,0,0,0,0,0,0,0,0,0,0,0,0,0,0,0,0,0,0,0
C59,1,0,0,0,0,0,0,0,0,0,0,0,0,0,0,0,0,0,0,0,0
C60,1,0,7,0,5.5,0,0,0,0,0,1,0,0,0,0,3,5,0,2,2.5,1
C61,1,0,6.5,7.5,0,0,0,0,0,0,0,0,0,2.5,0,10,0,0,10,0,1
C62,1,1.5,0,3.5,0,2.5,5.5,0,0,0,0,0,0,0,0,0,0,0,0,0,0
C63,1,0,0,0,0,0,0,0,0,0,0,0,0,0,0,0,0,0,0,0,0
C64,1,0,0,0,0,0,9,0,6,0,0,0,0,0,0,5.5,4,0,0,0,0
C65,1,2,0,0,3,0,0,6,7.5,5,1,4.5,0,0,0,0,0,0,7,0,8
C66,1,0,0,0,0,10,0,0,0,0,0,0,3.5,7.5,0,0,0,3.5,0,0,1.5
C67,1,0,0,0,0,0,0,0,0,0,0,0,0,0,0,0,0,0,0,0,0
C68,1,0,0,0,0,0,10,0,0,0,5.5,8,0,0,0,1.5,2.5,5.5,0,0,3
C69,1,0,0,0,0,0,0,0,0,0,0,0,0,0,0,0,0,0,0,0,0
C70,1,0,0,0,0,0,0,0,0,0,0,0,0,0,0,0,0,0,0,0,0
C71,1,0,0,0,0,0,0,0,0,5,0,0,0,0,0,0,10,0,0,0,0
C72,1,0,0,8.5,0,0,0,0,0,1,0,0,7.5,0,7,2.5,6,0,0,0,0
C73,1,0,0,0,0,0,0,0,0,0,0,0,0,0,0,0,0,0,0,0,0
C74,1,0,0,0,0,0,0,0,0,0,0,0,0,0,0,0,0,0,0,0,0
C75,1,0,4,0,0,6,0,8.5,9,8.5,1.5,0,0,3.5,0,0,0,0,9.5,6.5,0
C76,1,0,0,0,0,0,0,0,0,0,0,0,0,0,0,0,0,0,0,0,0
C77,1,0,0,6,0,0,10,0,0,5.5,7,0,0,0,0,5,1.5,9.5,0,5,8
C78,1,0,0,0,0,0,0,0,0,0,0,0,0,0,0,0,0,0,0,0,0
C79,1,1.5,0,0,0,2.5,0,0,0,8.5,0,0,0,8,9.5,2,5.5,0,0,0,1.5
C80,1,5.5,0,0,1,1,0,9.5,9,0,0,0,7.5,0,0,0,0,0,0,0,4
C81,1,0,0,0,0,0,0,0,0,0,0,0,0,0,0,0,0,0,0,0,0
C82,1,0,0,8,6,0,0,7,8,0,2,0,4.5,1,0,0,0,0,0,0,8
C83,1,0,0,0,0,0,0,0,0,0,0,0,0,0,0,0,0,0,0,0,0
C84,1,0,0,0,0,0,0,0,0,0,0,0,0,0,0,0,0,0,0,0,0
C85,1,0,0,0,0,0,0,0,0,0,0,0,0,0,0,0,0,0,0,0,0
C86,1,0,0,0,0,9.5,0,0,7,9.5,10,2.5,0,0,0,0,1,3.5,6.5,0,0
C87,1,0,3.5,2,8,3.5,0,0,1.5,0,2,0,0,9,0,0,8.5,0,0,0,0
C88,1,3.5,6.5,3,0,0,5,0,4,0,0,0.5,6,5,0,0,5.5,0,0,0,0
C89,1,0,0,0,0,0,0,0,0,0,0,0,0,0,0,0,0,0,0,0,0
C90,1,0,0,0,0,0,0,0,0,0,0,0,0,0,0,0,0,0,0,0,0
C91,1,0,0,4.5,0,3.5,0,0,0,0,9,0,0,4.5,0,2,0,0,0,0,0
C92,1,2,0,0,0,0,0,0,0,0,0,0,6.5,0,0,0,4,0,0,0,6
C93,1,0,0,0,0,0,0,0,0,0,0,0,0,0,0,0,0,0,0,0,0
C94,1,0,0,0,0,0,0,0,0,0,0,0,0,0,0,0,0,0,0,0,0
C95,1,0,0,0,0,0,0,0,0,0,0,0,0,0,0,0,0,0,0,0,0
C96,1,7.5,0,0,7.5,0,1,0,6.5,1,0,0,8.5,0,0,0,0,4,0,0,0
C97,1,0,0,0,0,0,0,0,0,0,0,0,0,0,0,0,0,0,0,0,0
C98,1,0,6,0,7.5,5,0,0,2.5,4.5,0,0,7,1,0,3.5,9.5,7.5,0,0,0
C99,1,10,3,8.5,7,0,0,0,2.5,8.5,0,0,0,5,0,0,1.5,6.5,0,0,4.5
C100,1,0,5.5,0,0,0,0,4.5,0,9.5,0,0,5.5,0,0,0,0,2,0,9.5,0
C101,1,0,0,10,0,0,0,0,1,0,0,5.5,9,1,0,0,0,0,4.5,0,0
C102,1,0,0,1.5,9.5,0,0,0,6,6,9,7,1,2.5,0,0,0,10,0,0,4
C103,1,2.5,0,0,1.5,0,0,0,8,0,6.5,0,0,0,0,0,0,0,0,0,3
C104,1,0,0,5.5,0,0,0,9.5,0,4.5,0,0,10,5,1.5,0,0,0,0,0,6.5
C105,1,0,0,0,0,0,0,0,0,0,0,0,0,3.5,0,0,6.5,0,0,0,6
C106,1,0,0,5.5,0,9.5,0,0,3,0,0,6.5,4.5,4,0,0,0,4.5,2,0,0
C107,1,0,0,0,0,0,0,0,0,0,0,0,0,0,0,0,0,0,0,0,0
C108,1,0,0,4.5,7,5,0,0,0,7,0,3,0,7,6.5,3,0,0,0,0,0
C109,1,0,10,4,0,9,0,3,0,0,0,0,1,0,9.5,10,0,0,0,0,0
C110,1,0,0,0,0,0,0,0,0,0,0,0,0,0,0,0,0,0,0,0,0
C111,1,0,3.5,0,0,3,1.5,5.5,0,0,0,5.5,3,9.5,0,0,0,7,0,10,0
C112,1,9.5,2.5,2,0,0,6,0,0,0,0,9.5,1.5,6.5,0,3,0,0,4.5,0,0
C113,1,0,6,8.5,0,0,0,0,0,0,8.5,0,2.5,0,0,0,0,4.5,0,0,0
C114,1,0,0,0,1,4.5,0,0,0,0,0,0,0,0,0,0,3.5,0,7.5,0,0
C115,1,1.5,0,0,0,7,0,0,2,0,0,0,0,0,0,9,4,0,0,2,0
C116,1,0,0,0,0,0,8,0,0,0,0,9,0,0,0,0,0,0,0,0,3
C117,1,0,0,9,0,0,0,0,0,9.5,0,0,0,9,0,0,0,5.5,0,2,0
C118,1,0,0,0,4.5,2,5.5,0,0,0,0,2.5,0,0,5.5,4,8,0,0,0,0
C119,1,0,0,0,0,0,0,0,0,0,0,0,0,0,0,0,0,0,0,0,0
C120,1,0,0,0,0,0,0,0,0,0,0,0,0,0,0,0,0,0,0,0,0
C121,1,0,0,0,0,0,0,0,3.5,0,6.5,6.5,0,1,0,8,0,0,0,0,0
C122,1,0,0,0,0,0,0,0,0,0,0,0,0,0,0,0,0,0,0,0,0
C123,1,8.5,0,0,0,0,0,0,9,0,0,0,0,0,0,0,0,0,0,0,0
C124,1,5,0,0,0,0,6,0,3,3,0,3,2,1,7.5,0,6,0,0,0,5.5
C125,1,0,0,0,0,5.5,0,10,0,7,0,0,0,7,9,5.5,0,7,3,0,6
C126,1,0,0,0,0,0,0,0,0,0,0,0,0,0,0,0,0,0,0,0,0
C127,1,0,0,0,0,0,0,0,0,0,0,0,0,0,0,0,0,0,0,0,0
C128,1,0,5,10,0,0,2.5,0,0,0,7,0,0,0,3.5,8.5,0,9.5,8.5,10,0
C129,1,0,0,8.5,0,7,0,0,0,0,3,0,3.5,0,0,0,0,0,6.5,0,0
C130,1,0,0,0,0,0,0,0,0,0,0,0,0,0,0,0,0,0,0,0,0
C131,1,8,0,0,1.5,0,1,0,0,3.5,9,0,4,0,0,0,7.5,8,0,6.5,0
C132,1,0,0,0,0,0,0,0,0,0,0,0,0,0,0,0,0,0,0,0,0
C133,1,0,0,0,0,0,0,0,5.5,9,0,1,0,0,0,0,0,0,0,0,0
C134,1,0,0,0,0,0,8.5,0,0,0,0,0,6.5,0,1.5,0,0,0,0,0,0
C135,1,0,0,0,3.5,0,0,6,0,0,0,0,3,0,0,6.5,0,8.5,0,7.5,0
C136,1,0,7.5,0,2.5,0,0,0,7.5,0,6,0,0,2.5,1,0,0,0,0,0,0
C137,1,0,0,1.5,0,0,0,0,0,0,3.5,0,0,0,0,0,0,0,0,0,0
C138,1,0,0,0,2.5,7,0,0,0,6,0,0,0,8,0,0,0,0,0,0,0
C139,1,0,0,0,0,0,0,0,0,0,0,0,0,0,0,0,0,0,0,0,0
C140,1,0,0,0,0,0,0,0,0,0,8.5,4,5,7,5,6,0,8,0,1,0
C141,1,0,0,6,0,0,0,0,0,0,0,0,0,4.5,7,7,0,1,3.5,4.5,0
C142,1,0,0,0,0,0,0,5,0,0,3,9,0,0,0,10,0,0,9.5,0,6
C143,1,0,0,0,7.5,0,0,0,0,0,0,4,9.5,2.5,0,0,3,0,0,0,0
C144,1,0,0,0,0,0,0,0,1.5,0,0,5,2.5,0,3,0,7,1.5,0,0,5
C145,1,0,6.5,2.5,0,0,9.5,8.5,0,1,0,0,0,0,7,0,1,0,0,4,0
C146,1,0,0,0,0,0,0,0,0,3,0,0,0,0,0,0,0,0,1,0,9.5
C147,1,0,0,0,0,0,0,0,0,0,0,0,0,0,0,0,0,0,0,0,0
C148,1,0,0,0,0,0,0,0,0,0,0,0,0,0,0,0,0,0,0,0,0
C149,1,0,0,0,0,10,0,8.5,4.5,8.5,6,0,0,5.5,0,0,0,0,0,3.5,5.5
C150,1,0,1.5,0,0,0,3,1,0,0,0,1.5,0,8.5,8,0,3,0,1,0,0
C151,1,0,0,3.5,8,0,6.5,0,0,6.5,0,2,0,0,0,0,0,8,5,0,0
C152,1,0,0,0,0,2,9.5,1.5,0,0,0,0,9.5,0,0,4.5,4,1,0,0,0
C153,1,0,9,0,0,0,9,0,2,0,0,1,3.5,0,0,0,0,0,0,4,0
C154,1,6.5,0,0,0,9,0,0,0,0,0,0,1.5,0,0,7,0,7.5,0,0,0
C155,1,0,0,0,0,0,0,0,0,0,0,0,0,0,0,0,0,0,0,0,0
C156,1,0,4.5,4.5,0,2,5.5,2,0,0,0,0,0,0,5,0,8,3,0,2,6
C157,1,0,0,0,0,0,0,0,0,0,0,0,0,4,3,0,0,0,0,0,0
C158,1,0,0,0,0,0,0,0,0,0,0,0,0,0,0,0,0,0,0,0,0
C159,1,0,0,7,0,7,0,1,0,4,0,0,0,0,0,7,5,4.5,0,0,0
C160,1,0,0,0,0,7,0,0,5,0,0,0,0,1,9,0,0,0,0,0,0
C161,1,0,0,0,0,0,0,0,0,0,0,0,0,0,0,0,0,0,0,0,0
C162,1,5.5,4,0,1,0,0,5.5,0,0,10,0,0,0,0,0,0,1.5,0,0,0
C163,1,0,0,2.5,0,0,2,4.5,9,5,0,7.5,0,0,0,3.5,0,5.5,0,0,0
C164,1,0,0,0,0,0,0,0,0,0,0,0,0,0,0,0,0,0,0,0,0
C165,1,0,0,0,0,0,0,1,0,8,0,3,0,0,0,0,0,0,0,0,0
C166,1,0,2,0,0,0,0,6,0,0,0,0,0,3,0,0,0,0,0,0,0
C167,1,0,0,1,4.5,3,3.5,0,0,1,5,4,8,0,0,0,0,0,0,8,1
C168,1,0,1,6,0,0,0,0,0,5.5,3.5,0,7.5,0,7.5,6.5,0,0,2,0,0
C169,1,0,0,0,0,0,0,0,0,0,0,0,0,0,0,0,0,0,0,0,0
C170,1,0,0,0,0,0,0,0,0,9.5,4.5,0,0,1,7,0,0,0,0,0,0
C171,1,0,0,0,7,4,0,0,8,0,0,1.5,1,0,0,0,0,0,0,0,0
C172,1,2,0,4,0,0,0,6.5,7.5,0,0,1,0,8.5,5.5,1.5,0,1.5,0,0,0
C173,1,0,0,0,0,0,0,0,0,0,0,0,0,0,0,0,0,0,0,0,0
C1,2,0,0,5.5,0,0,1,0,0,0,0,0,8.5,0,0,0,0,3.5,0,0,9.5
C2,2,0,0,5.5,0,0,7.5,3,0,0,9,6,0,3,0,4,4,9,6,0,0
C3,2,0,0,0,0,0,0,0,0,2.5,0,4,0,0,3.5,8,0,7.5,0,0,0
C4,2,0,0,0,6,0,5,0,7.5,4.5,0,0,0,0,0,0,0,0,0,0,0
C5,2,0,0,0,0,0,0,0,0,0,0,0,0,0,0,0,0,0,0,0,0
C6,2,0,0,0,0,0,0,0,0,0,0,0,0,0,0,0,0,0,0,0,0
C7,2,8,1,0,0,0,0,0,0,0,10,0,10,10,6,0,0,0,0,0,0
C8,2,0,0,0,0,0,0,0,0,0,0,0,0,0,0,0,0,0,0,0,0
C9,2,0,0,0,0,2.5,5,0,0,0,0,0,0,0,0,0,0,0,0,4,0
C10,2,8.5,4.5,0,9,0,5,0,10,0,0,0,0,0,0,4.5,0,6,6,6.5,0
C11,2,0,0,0,0,0,0,0,0,0,0,0,0,0,0,0,0,0,0,0,0
C12,2,0,0,0,0,0,0,0,0,0,0,0,0,0,0,0,0,0,0,0,0
C13,2,0,0,0,0,0,0,0,0,0,0,0,3,7.5,0,0,0,0,0,0,0
C14,2,0,0,6.5,0,0,8.5,0,0,4.5,0,0,4.5,9,0,0,0,4.5,4,0,7.5
C15,2,0,0,7.5,0,6.5,10,0,0,0,0,0,0,0,0,0,0,0,8,0,0
C16,2,0,0,0,0,0,0,0,0,0,0,0,0,0,0,0,0,0,0,0,0
C17,2,0,0,3,5.5,0,0,0,0,0,1.5,0,0,0,0,0,0,0,0,0,9
C18,2,8.5,2.5,0,0,7.5,0,8,0,2.5,0,0,0,0,7,0,0,0,8,0,10
C19,2,0,0,0,0,10,0,0,0,0,0,4.5,0,3,0.5,0,8,0,0,0,0
C20,2,0,3.5,5.5,6,0,0,7,5,4,0,7.5,4,0,0,0,0,0,0,0,0
C21,2,0,0,6.5,0,3.5,0,0,4,0,6,7.5,3.5,0,1.5,0,1.5,0,0,5.5,7
C22,2,0,5,3.5,0,0,6.5,0,6.5,0,0,9.5,0,0,0,0,0,0,3.5,6,0
C23,2,0,0,4.5,7.5,0,9.5,0,0,0,0,0,2,0,0,0,0,0,1.5,6.5,0
C24,2,0,0,0,0,0,0,0,0,0,0,8,7,0,1.5,0,3,0,0,0,3.5
C25,2,0,7.5,0,0,0,0,0,0,0,0,0,0,0,0,6.5,9,0,7.5,0,0
C26,2,3.5,0,0,0,0,0,0,0,0,5,0,0,0,0,0,0,1,0,0,8.5
C27,2,0,0,0,0,0,5.5,0,0,2,3.5,0,0,0,0,0,0,7.5,0,0,0
C28,2,3,0,10,8.5,0,0,0,4,0,2.5,1.5,3.5,0,0,0,0,0,1,0,0
C29,2,0,0,0,0,0,0,0,0,0,0,1,0,0,8.5,0,0,0,0,9.5,6
C30,2,0,0,0,0,0,0,0,0,0,0,0,0,0,0,0,0,0,0,0,0
C31,2,10,0,4.5,0.5,0,0,6,4.5,3.5,0,0,3,0,0,9,8,1.5,0,0,0
C32,2,5.5,0,0,1,0,5,6,0,0,4.5,0,0,0,0,4,0,0,1.5,3,1
C33,2,0,2,0,0,2.5,0,5.5,5.5,1,0,0,0,7,0,0,4.5,5,0,6,5.5
C34,2,0,0,0,0,0,0,0,0,0,0,0,0,0,0,0,0,0,0,0,0
C35,2,0,8.5,0,0,2,3.5,8.5,0,4.5,2.5,0,7,0,0,0,2,3,0,0,0
C36,2,7.5,9.5,0,4,0,0,0,0,0,0,0,0,0,0,2,0,0,0,0,0
C37,2,0,0,2.5,0,7.5,0,0,0,0,0,0,4,0,7,0,5.5,0,0,0,8
C38,2,0,0,0,5.5,10,3.5,0,0,9,0,6,0,4,5.5,0,0,6,1.5,0,0
C39,2,3.5,0,0,0,0,7,6,3.5,0,0,2.5,0,0,0,1,0,6,0,9,0
C40,2,2,0,0,5,7,0,8.5,0,0,2,0,6,2,0,2.5,2,0,2,0,0
C41,2,0,0,0,0,0,0,5.5,0,8.5,9,3,7,5.5,0,4,0,0,0,5.5,0
C42,2,0,0,0,0,0,0,0,0,0,0,0,0,0,0,0,0,0,0,0,0
C43,2,0,0,0,0,0,0,0,0,0,0,0,0,0,0,0,0,0,0,0,0
C44,2,0,0,0,0,0,0,0,0,0,0,0,0,0,0,0,0,0,0,0,0
C45,2,0,10,6,0,0,0,0,0,0,0,0,2,0,8.5,0,0,0,0,0,8.5
C46,2,0,0,0,0,0,0,0,0,0,0,0,0,0,0,0,0,0,0,0,0
C47,2,5,0,0,5,8,0,0,0,0,5.5,8,0,0,0,0,0,6,0,5,0
C48,2,0,7,0,0,9,5,0,0,0,0,0,1.5,0,0,3,0,0,0,0,0
C49,2,0,0,0,0,0,0,0,0,0,0,0,0,0,0,0,0,0,0,0,0
C50,2,3.5,0,9.5,3.5,0,0,1,3.5,0,0,3,0,0,0,0,0,8,0,0,0
C51,2,0,0,0,0,0,0,0,0,0,0,0,0,0,0,0,0,0,0,0,0
C52,2,0,6,0,0,0,0,8.5,0,0,0,0,0,4,9.5,0,0,0,0,0,0
C53,2,0,0,0,0,0,0,0,0,0,0,0,0,0,0,0,0,0,0,0,0
C54,2,0,0,0,0,0,0,0,0,0,0,0,0,0,0,0,0,0,0,0,0
C55,2,5,2.5,0,0,0,0.5,1.5,0,9.5,0,0,0.5,1,9.5,0,0,0,0,2.5,0
C56,2,0,0,0,0,0,0,0,0,0,0,0,0,0,0,0,0,0,0,0,0
C57,2,0,0,4,0,3.5,0,0,0,0,0,2,2.5,0,7.5,0,5.5,7,9,0,7
C58,2,0,0,0,0,0,0,0,0,0,0,0,0,0,0,0,0,0,0,0,0
C59,2,0,0,0,0,0,0,0,0,0,0,0,0,0,0,0,0,0,0,0,0
C60,2,0,0,0,0,0,0,0,0,0,0,0,0,0,0,0,0,0,0,0,0
C61,2,0,0,0,0,0,0,0,0,0,0,0,0,0,0,0,0,0,0,0,0
C62,2,0,0,0,1.5,0,0,0,6,0,3.5,3.5,0,0,0,0,0,0,0,0,8.5
C63,2,0,0,0,9.5,0,0,7.5,0,0,0,0,0,9,0,0,1.5,0,0,3,0
C64,2,0,3,0,0,0,0,0,0,0,4.5,7.5,0,0,0,0,0,0,0,10,0
C65,2,9.5,0,0,6,0,0,0,0,0,0,2,0,0,0,4.5,7,5,0,7.5,0
C66,2,0,0,0,0,0,0,0,0,0,0,0,0,0,0,2,0,0,0,5,4.5
C67,2,10,0,0,10,0,3,0,0,6.5,0,1,0,6.5,0,0,0,8,0,0.5,0
C68,2,0,0,0,0,0,0,0,0,0,0,0,0,0,0,0,0,0,0,0,0
C69,2,0,0,0,0,0,0,3.5,0,7,9.5,0,0,0,0,8,1.5,7.5,0,8,0
C70,2,3.5,0,0,0,0,0,0,10,0,0,0,0,0,0,0,0,0,0,0,0
C71,2,0,0,0,0,0,0,0,0,0,0,0,0,0,0,0,0,0,0,0,0
C72,2,0,0,0,0,0,0,2.5,0,0,0,0,0,0,1,0,0,0,0,0,0
C73,2,0,0,0,0,0,6.5,0,2,3,0,3,0,1.5,0,0,0,0,0,0,9.5
C74,2,0,0,0,0,0,0,0,0,0,0,0,0,0,1,0,0,0,2.5,0,0
C75,2,5,5,0,0,5.5,0,0,0,0,0,0,9.5,0,0,0,0,10,0,0,0
C76,2,0,0,0,0,0,0,0,0,0,0,0,0,0,0,0,0,0,0,0,0
C77,2,1,0,0,0,3,0,7,0,5.5,0,0,6.5,0,3.5,0,0,0,0,0,4
C78,2,0,0,0,0,0,0,0,0,0,0,0,0,0,0,0,0,0,0,0,0
C79,2,0,8,0,9,0,0,0,0,0,0,0,0,0,0,0,0,0,0,0,0
C80,2,3,6,0,0,2.5,0,2.5,0,0,0,5,0,0,2,0,0,0,5,0,0
C81,2,0,0,0,0,0,0,0,0,0,0,0,0,0,0,0,0,0,0,0,0
C82,2,0,0,1,0,8.5,0,1,0,0,0,0,0,0,0,0,0,0,0,0,0
C83,2,0,0,0,0,0,0,0,0,0,0,0,0,0,0,0,0,0,0,0,0
C84,2,5.5,0,0,0,10,0,6,0,0,0,0,0,0,0,0,5.5,0,0,0,0
C85,2,0,6,2.5,0,0,9.5,0,0,0,0.5,0,7.5,0,0,0,0,9.5,0,0,0
C86,2,0,0,2.5,0,0,0,0,0,7.5,0,0,0,0,0,0,0,0,0,0,0
C87,2,0,0,0,0,0,0,0,0,0,0,0,0,0,0,0,0,5,0,3,0
C88,2,6,0,0,0,0,0,0,0,0,0,0,0,0,0,0,0,0,0,3.5,0
C89,2,0,0,0,0,0,0,0,0,0,0,0,0,0,0,0,0,0,0,0,0
C90,2,7,0,0,0,9.5,3.5,0,4.5,0,0,7.5,0,0,6,0,0,0,2,8,8
C91,2,0,0,0,0,0,3,5.5,2,0,0,0,8,3,0,0,0,0,3.5,1.5,0
C92,2,9,0,0,0,0,0,0,0,5,0,0,0,0,8.5,6.5,5.5,3.5,0,0,0
C93,2,0,3,0,0,0,0,0,9.5,0,8.5,6,0,0,0,0,0,0,0,0,0
C94,2,0,0,0,0,0,0,5,0,0,0,2.5,3,0,9.5,0,0,0,0,0,5
C95,2,6.5,0,8.5,0,8,0,10,0,0,0,0,0,0,0,0,0,0,0,0,0
C96,2,7.5,0,10,0,0,2,0,0,0,0,0,0,0,9,0,0,0,0,0,0
C97,2,0,0,0,0,0,0,0,0,0,0,0,0,0,0,0,0,0,0,0,0
C98,2,0,0,1,10,0,0,0,0,0,3,0,0,0,0,0,0,0,0,0,0
C99,2,6.5,10,8,4,8.5,5,0,0,0,10,0,8.5,3.5,0,0,0,0.5,0,0,0
C100,2,0,0,0,0,0,0,0,0,0,0,0,0,0,0,0,0,0,0,0,0
C101,2,0,3,0,0,0,0,2.5,3,0,0,0,0,0,0,4,0,0,9,0,0
C102,2,0,0,9.5,0,0,0,3.5,0,0,0,0,0,0,0,0,0,0,0,0,0
C103,2,0,0,0,0,0,0,0,0,0,0,0,0,0,0,0,0,0,0,0,0
C104,2,0,0,0,0,0,0,0,0,2,1.5,0,0,0,0,2,0,0,0,4.5,0
C105,2,10,0,0,0,0,7,3.5,0,0,0,0,10,4,0,0,0,0,0,0,6.5
C106,2,0,5.5,0,7.5,0,0,9,0,0,0,8.5,0,0,4.5,0,0,0,0,0,9.5
C107,2,0,0,0,0,0,0,0,0,0,7,0,9,0,0,0,8.5,0,1.5,0,0
C108,2,0,0,0,0,0,0,0,0,0,0,0,0,0,0,0,0,0,0,0,0
C109,2,0,0,0,0,0,0,0,2.5,10,0,0,0,8.5,0,0,8.5,0,0,0,4
C110,2,0,0,0,0,0,0,0,0,0,0,0,0,0,0,0,0,0,0,0,0
C111,2,0,0,2,0,9,2,0,0,0,0,8.5,0,9.5,2.5,0,2,0,0,8,5.5
C112,2,0,0,0,0,0,0,0,0,9.5,0,0,0,2,0,0,0,0,0,0,0
C113,2,1.5,0,0,0,4.5,0,1,0,0,7,9.5,0,0,0,0,9,7.5,0,0,3.5
C114,2,0,0,0,0,0,0,0,0,0,0,0,0,0,0,0,0,0,0,0,0
C115,2,0,0,0,0,0,0,0,0,0,0,0,0,0,0,0,0,0,0,0,0
C116,2,0,0,0,0,0,0,0,0,0,0,0,0,0,0,0,0,0,0,0,0
C117,2,0,0,0,0,0,0,0,0,0,0,0,0,0,0,0,0,0,0,0,0
C118,2,0,0,0,5,0,4,8.5,9,2,0,6,7.5,0,0,0,0,0,0,0,0
C119,2,0,0,0,0,0,0,0,0,0,0,0,0,0,0,0,0,0,0,0,0
C120,2,4,0,4,4.5,0,6.5,0,0,0,8,0,0,0,10,0,0,0,0,0,0
C121,2,0,0,4,1.5,0,0,0,0,0,0,9,0,0,8.5,0,0,2,0,0,0
C122,2,0.5,6,0,6.5,1,0,6,6,0,0,0,0,0,3,0,3,1.5,0,0,0
C123,2,0,0,0,0,0,0,0,0,0,0,0,0,0,0,0,0,0,0,0,0
C124,2,0,0,0,0,0,0,4,0,0,2,0,0,0,8.5,0,0,4.5,0,8.5,0
C125,2,0,4,0,0,0,0,0,0,0,8,0,0,0,0,0,0,3.5,0,0,2.5
C126,2,0,0,0,0,0,0,0,0,0,0,0,0,0,0,0,0,0,0,0,0
C127,2,0,0,0,0,0,3.5,1,0,0,6.5,5.5,1.5,0,0,0,0,0,0,0,0
C128,2,0,2,0,0,0,6.5,0,0,8,1,0,0,7.5,10,0,9.5,3,8.5,0,0
C129,2,0,0,4,0,8,0,7.5,0,0,3,0,4.5,0,0,0,0,0,1.5,0,9.5
C130,2,0,0,4,0,0,9,0,8.5,0,0,0,0,1.5,0,0,0,0,6,0,8
C131,2,0,0,0,0,0,0,0,0,0,0,0,0,0,0,0,0,0,0,0,0
C132,2,5,5,0,0,0,0,6.5,1.5,0,0,0,0,0,0,1,0,0,0,0,0
C133,2,0,0,0,7.5,0,0,9.5,2.5,0,10,8,4.5,0,0,0,0,0,0,0,0
C134,2,0,10,0,0,0,0,8.5,0,9,0,0,0,0,10,4,0,0,5,4.5,9.5
C135,2,0,0,0,4,0,8,0,4.5,0,0,0,10,3.5,0,0,0,8.5,0,0,0
C136,2,0,3,0,0,0,0,0,0,0,0,0,0,0,0,4,7.5,9.5,9.5,6,0
C137,2,0,6.5,1,0,0,0,0,0,6.5,0,0,5,0,0,0,0,0,0,8,0
C138,2,0,3.5,0,0,1,0,0,7,0,0,0,0,0,2,9.5,0,0,0,0,8.5
C139,2,0,0,0,0,0,0,0,0,0,0,0,0,0,0,0,0,0,0,0,0
C140,2,10,0,8,2,0,1.5,7,8.5,1,0,0,0,0,8,0,0,0,0,9,3
C141,2,0,4,0,0,0,0,0,0,0,0,2,0,0,0,0,0,0,0,0,0
C142,2,0,0,0,0,0,0,0,0,0,0,0,0,6,0,0,0,9.5,0,0,0
C143,2,0,0,0,0,0,0,0,0,0,0,0,0,0,0,0,0,0,0,0,0
C144,2,0,4,0,0,0,0,6.5,0,0,0,9.5,0,0,0,0,0,0,0,2.5,0
C145,2,0,0,0,0,0,0,0,0,0,0,0,0,5.5,0,0,0,9,0,0,0
C146,2,0,0,0,0,0,0,0,0,0,0,0,0,0,0,0,0,0,0,0,0
C147,2,0,0,0,0,0,0,0,0,0,0,0,0,0,0,0,0,0,0,0,0
C148,2,0,8.5,0,0,7.5,0,5,8,3,0,7.5,0,0,2.5,4.5,6,9.5,0,0,0
C149,2,0,6.5,0,5,0,0,0,0,0,9.5,10,0,0,0,7.5,0,0,0,2.5,0
C150,2,0,0,0,0,0,0,0,0,0,0,0,0,0,0,0,0,0,0,0,0
C151,2,0,0,0,9,0,0,0,7.5,0,0,0,8,0,1.5,4,2,0,0,0,2.5
C152,2,5.5,0,0,0,1.5,0,5,9,0,3,0,0,0,0,0,0,6,0,0,6.5
C153,2,0,3,0,0,1.5,10,3.5,0,0,1.5,0,7.5,0,0,0,2.5,4.5,0,7,5
C154,2,0,0,0,0,0,0,0,0,0,0,0,0,0,0,0,0,0,0,0,0
C155,2,0,0,0,0,4.5,0,0,0,0,0,0,1.5,0,0,3,0,0,0,0,0
C156,2,0,0,0,0,0,0,0,0,0,0,0,0,0,0,0,0,0,0,0,0
C157,2,0,0,2.5,0,0,0,0,5.5,0,0,3.5,0,9,3,6.5,2.5,0,1.5,4.5,0
C158,2,0,0,0,0,0,0,0,0,0,0,0,8.5,0,0,0,0,0,0,6,0
C159,2,3,0,0,3.5,0,0,5,0,0,0,6.5,0,2,6,0,0,0,0,0,0
C160,2,0,0,0,0,0,0,0,0,0,0,0,0,0,0,0,0,0,0,0,0
C161,2,4.5,9.5,2,0,0,0,3,1,0,0,0,0,2,0,8.5,0,6,0,0,0
C162,2,0,0,0,0,0,0,0,0,0,0,0,0,0,0,0,0,0,0,0,0
C163,2,0,0,0,0,0,0,0,0,0,0,0,0,0,0,0,0,0,0,0,0
C164,2,0,0,0,5,0,0,4,0,0,8.5,0,7,7.5,0,0,0,7.5,0,0,0
C165,2,0,0,0,0,0,0,0,0,0,0,0,0,8.5,2.5,0,0,6,0,0,0
C166,2,0,0,8.5,0,0,0,0,0,0,0,0,0,0,1.5,0,0,0,0,0,0
C167,2,0,0,0,0,2.5,0,0,0,0,0,0,0,0,0,0,0,0,0,9,0
C168,2,0,0,0,0,0,0,0,0,0,0,0,0,0,0,0,0,0,0,0,0
C169,2,0,0,7.5,0,0,0,0,0,2,0,0,0,0,2.5,0,0,1,3.5,0,0
C170,2,1,5,0,0,0,5.5,0,6.5,0,10,3,3.5,2.5,0,6,0,0,0,0,0
C171,2,3,0,0,0,0,8,9,0,4.5,0,8,8,3.5,0,0,8,1.5,8.5,0,0
C172,2,5.5,0,10,0,0,0,0,6.5,0,8,6,2,0,0,7,0,5.5,4,0,7.5
C173,2,0,0,0,0,0,0,0,0,0,0,0,0,0,0,0,0,0,0,0,0
C1,3,7.5,0,0,0,0,0,0,7.5,0,8,0,8.5,0,0,7,0,0,4.5,0,7.5
C2,3,6,0,0,0,0,0,0,0,3.5,0,4,0,0,0,5.5,1,8,0,0,0
C3,3,0,0,0,0,0,0,0,0,0,0,0,0,0,0,0,0,0,0,0,0
C4,3,0,0,0,0,0,0,0,0,3,0,0,0,0,0,0,0,2,0,0,0
C5,3,0,0,0,0,4.5,0,0,1.5,0,0,0,0,0,4,0,0,0,0,0,0
C6,3,6,0,3,8.5,0,5.5,0,10,0,0,0,0,0,0,0,0,0,0,0,0
C7,3,0,2.5,5.5,0,0,2.5,0,0,4,8.5,0,0,0,4,0,0,9,0,1.5,3
C8,3,6,5.5,1,0,0,0,8,0,0,0,0,0,4,0,10,3,2.5,10,0,6.5
C9,3,10,5.5,0,0,5,0,1.5,3,1,0,0,4.5,0,0,0,0,5,4.5,1,0
C10,3,0,0,0,0,0,1.5,0,7.5,0,6,0,0,0,0,8.5,0,1.5,0,0,0
C11,3,0,0,0,0,0,0,1,0,0,0,0,0,0,0,0,3.5,0,0,0,0
C12,3,0,5,0,0,0,7,0,0,3,7.5,3.5,0,0,0,8.5,0,0,0,0,7
C13,3,0,0,0,0,0,0,0,0,0,0,0,0,0,0,0,0,0,0,0,0
C14,3,0,0,3.5,0,2.5,0,4,0,4,4.5,4,5.5,0,0,3,9.5,0,6.5,0,0
C15,3,7.5,7.5,6.5,0,0,3,0,0,0,0,0,0,3,4,3.5,0,9.5,0,0,0
C16,3,6.5,0,0,0,6.5,0,0,0,0,0,0,0,0,0,0,0,0,0,0,0
C17,3,0,0,3,0,4,0,6,0,0,10,8.5,0,5.5,0,0,0,0,0,0,0
C18,3,0,0,0,0,0,0,0,0,0,0,0,0,0,0,0,0,0,0,0,0
C19,3,0,0,0,0,0,0,0,0,0,0,0,0,0,0,0,0,0,0,0,0
C20,3,0,0,0,0,0,0,0,0,0,0,0,0,0,0,0,0,0,0,0,0
C21,3,0,4.5,3.5,0,7,0,0.5,0,0,0,0,6.5,0,10,3,0,0,2,7.5,0
C22,3,0,0,7,0,0,0,4,0,0,0,0,0,0,0,0,0,0,0,0,0
C23,3,0,0,0,6,0,0,0,0,0,0,8,0,0,0,0,0,0,0,0,0
C24,3,0,0,0,0,0,0,0,0,0,0,10,0,0,0,0,8.5,0,0,0,0
C25,3,9.5,0,0,8.5,0,0,0,0,0,0,0,0,1,0,0,0,0,0,0,0
C26,3,4,0,10,0,4.5,3.5,0,0,0,0,0,0,0,0,0,0,0,0,0,0
C27,3,0,8,0,0,1.5,0,0,0,3,0,1,0,0,0,2.5,3.5,0.5,7,6.5,4
C28,3,0,1.5,5,0,7,4,0,0,0,0,0,1,0,0,0,0,0,6,0,0
C29,3,4,5.5,4,0,0,0,0,0,0,7,0,0,5.5,0,1,0,8.5,0,0,0
C30,3,0,4.5,0,0,8.5,0,0,0,0,0,0,0,0,0,0,0,7.5,0,0,0
C31,3,0,0,0,0,0,8.5,0,0,0,0,8,0,0,0,0,0,0,0,0,0
C32,3,0,0,0,0,0,0,0,0,0,0,0,0,0,0,0,0,0,0,0,0
C33,3,3,1,9.5,5,0,0,6.5,0,6,2,5,0,0,0,0,0,3,2.5,0,0
C34,3,0,4,0,0,0,0,6,2.5,2.5,8.5,0,0,4,0,0,6,0,0,0,0
C35,3,0,2.5,0,0,0,0,0,0,3,0,0,0,0,0,0,0,0,0,0,0
C36,3,0,0,0,0,0,0,0,0,0,0,0,0,0,0,0,0,0,0,0,0
C37,3,0,0,0,0,0,0,0,0,0,0,0,0,0,0,0,0,0,0,0,0
C38,3,0,0,0,0,0,0,0,0,0,0,0,0,0,0,0,0,0,0,0,0
C39,3,0,0,0,0,0,0,0,0,0,0,0,0,0,0,0,0,0,0,0,0
C40,3,0,2.5,6.5,0,0,0,6.5,1.5,0,0,8,5.5,10,0,0,8.5,0,0,4.5,0
C41,3,0,2,2.5,9,6,0,0,0,0,4.5,0,4,0,1,8,10,0,0,0,3
C42,3,0,0,0,0,0,0,0,0,0,0,0,0,0,0,0,0,0,0,0,0
C43,3,9.5,0,0,0,0,0,0,0,0,0,0,0,0,0,0,8,0,0,0,0
C44,3,4,7,0,0,6.5,0,10,0,4,7.5,7.5,0,0,5,0,0,3.5,0,0,2
C45,3,0,0,0,0,0,0,0,0,0,0,0,0,0,0,0,0,0,0,0,0
C46,3,0,9,0,0,1.5,0,3,1,4,8.5,0,5.5,0,4,0,10,0,4,0,0
C47,3,0,0,0,0,0,0,0,0,0,0,0,0,0,0,0,0,0,0,0,0
C48,3,0,0,0,0,0,0,0,0,0,0,0,0,0,0,0,0,0,0,0,0
C49,3,0,0,0,0,0,0,0,0,0,7.5,0,0,0,0,0,0,10,0,0,0
C50,3,0,6.5,8,9.5,0,0,8,0,0,1,0,0,0,0,2.5,0,9,6,0,0
C51,3,0,0,0,0,0,0,0,0,0,0,0,0,0,0,0,0,0,0,0,0
C52,3,0,0,0,0,0,0,0,0,0,0,0,0,0,0,0,0,0,0,0,0
C53,3,0,0,0,0,0,0,0,0,0,0,0,0,0,0,0,0,0,0,0,0
C54,3,0,0,0,0,0,0,0,0,0,0,0,0,0,0,0,0,0,0,0,0
C55,3,0,0.5,0,9.5,0,0,7.5,0,6.5,6,5.5,8.5,5.5,0,0,0,2.5,0,7,0
C56,3,0,0,0,0,0,0,0,0,0,0,0,0,0,0,0,0,0,0,0,0
C57,3,0,0,6.5,0,0,0,5,8,9.5,0,1,0,0,0,6.5,0,1,2.5,0,8.5
C58,3,0,0,0,0,0,0,0,0,0,0,0,0,0,0,6,9.5,0,0,0,0
C59,3,0,0,0,0,0,0,10,0,0,0,0,0,0,0,0,0,1,0,0,0
C60,3,7,0,6.5,0,0,0,0,0,0,0,0,0,4,0,0,0,0,0,0,0
C61,3,8.5,0,0,2,0,9,0,0,0,5,6,0,7,0,0,7.5,10,10,0,0
C62,3,9.5,0,0,2,0,8,1,0,0,4,0,3.5,0,0,0,0,6.5,0,0,0
C63,3,9,1,0,0,0,5,7,0,0,4,0,0,0,0,3,5.5,0,7,3.5,2.5
C64,3,0,4,0,0,0,5.5,1.5,0,0,0,0,0,0,0,0,0,0,0,0,0
C65,3,1,0,0,0,0,0,6.5,3,8.5,0,0,0,0,0,0,2,0,0,0,6
C66,3,0.5,3.5,0,0,0,0,0,0,0,0,0,4.5,0,0,0,0,0,8.5,9.5,9
C67,3,5.5,0,2,1,0,0,1,2,7,0,9,0,0,0,0,6.5,8.5,4,0,0
C68,3,0,0,1,0,2,4,5,0,0,0,5.5,0,0,0,5,0,1.5,0,0,0
C69,3,0,8.5,0,7.5,0,7,4,2,0,0,3.5,0,6.5,7.5,3,0,0,0,2,0
C70,3,0,0,0,0,0,0,9,0,0,0,1.5,9.5,4.5,3,0,0,0,0,0,0
C71,3,4.5,0,9,0,6,0,0,2,0,0,7,0,7.5,4,0,0,0,9.5,0,0
C72,3,0,4.5,0,0,6.5,0,0,3.5,0,1,8.5,0,0,5.5,9.5,0,5.5,0,2.5,0
C73,3,0,0,0,0,0,0,0,0,0,0,0,0,0,0,0,0,0,0,0,0
C74,3,0,0,0,2.5,7,3,9.5,10,0,2,8,8.5,0,0,0,0,0,0,10,10
C75,3,0,0,0,0,0,0,0,0,0,0,0,0,0,0,0,0,0,0,0,0
C76,3,0,0,0,0,0,3.5,0,8,5,4.5,0,7.5,0,0,0,9.5,0,0,4.5,4
C77,3,0,0,0,0,3.5,0,0.5,0,0,0,0,0,7,0,8.5,0,0,0,3,0
C78,3,0,0,0,0,0,0,0,0,0,0,0,0,0,0,0,0,0,0,0,0
C79,3,0,0,0,0,0,0,0,0,0,0,0,0,0,0,0,0,0,0,0,0
C80,3,0,8.5,8,10,5.5,7.5,0,0,0,0,0,6.5,0,0,0,0,0,0,9,5
C81,3,0,9,0,7.5,2,0,0,0,0,0,9,0,5.5,0,0,0,0,0,0,4.5
C82,3,0,0,0,0,0,0,0,0,0,0,0,0,0,4,0,8.5,0,0,0,0
C83,3,9,0,2,0,7.5,0,0,0,9.5,8,3,4.5,0,5.5,0,0,0,0,0,0
C84,3,0,8.5,5,6.5,10,3.5,1,0,6.5,0,1.5,0,0,0,0,0,0,5,0,0
C85,3,0,0,4,0,0,2,0,0,0,8,0,6.5,3.5,6.5,0,7.5,0,0,0,0
C86,3,0,0,0,0,0,2,0,0,0,0,0,8.5,0,0,0,0,0,0,0,0
C87,3,0,0,0,0,0,0,5,0,4.5,3,0,0,0,1,2,8,7,0,0,8.5
C88,3,0,0,0,0,0,0,0,0,0,0,0,0,0,0,0,0,0,0,0,0
C89,3,0,0,0,0,7.5,0,8.5,4.5,2.5,0,8.5,3.5,0,0,2,0,6.5,0,5.5,4.5
C90,3,0,0,0,0,0,0,0,0,0,0,0,0,0,0,0,6.5,0,0,2,2
C91,3,0,2,0,0,5.5,0,1.5,0,5.5,0,9.5,0,0,0,0,0,5,0,0,0
C92,3,0,0,0,0,0,0,0,0,0,0,0,0,0,0,0,0,0,0,0,0
C93,3,0,0,0,0,0,0,0,0,0,0,9,0,0,0,0,8,0,0,1.5,8.5
C94,3,0,9,0,0,0,0,1,0,0,3.5,0,0,6.5,0,0,2,7,6,6,0
C95,3,0,0,1.5,7,10,0,6,0,0,0,7,1,0,0,6.5,1.5,0,0,0,0
C96,3,0,4.5,0,1,6,0,0,0,10,0,0,0,2.5,0,0,3,5.5,7.5,0,0
C97,3,0,4,0,3,0,0,0,3.5,0,0,0,0,0,0,0,0,0,8.5,2,6.5
C98,3,0,0,0,0,0,0,0,0,0,0,0,0,0,0,0,0,0,0,0,0
C99,3,0,0,0,9.5,0,0,0,10,1.5,0,3,4.5,0,0,1.5,0,0,0,0,2
C100,3,0,0,0,0,0,0,0,0,0,0,0,0,0,0,0,0,0,0,0,0
C101,3,0,0,0,0,0,0,0,0,0,3,0,0,0,2.5,10,0,0,0,0,8
C102,3,0,0,0,0,0,1,0,0,0,0,4.5,0,0,0,0,0,0,0,0,0
C103,3,0,0,0,0,0,0,5.5,0,0,0,0,0,0,0,3.5,0,0,0,0,0
C104,3,0,9.5,9.5,0,0,9.5,0,7,0,10,0,0,0,9,0,6,0,0,0,0
C105,3,3.5,0,0,0,4.5,0,1,6.5,0,0,0,1.5,10,0,0,7,0,2.5,9,0
C106,3,0,0,0,0,0,0,0,4.5,4,0,6.5,0,2,0,9.5,2,0,0,0,0
C107,3,0,0,7.5,0,0,1,10,5,2,0,0,2.5,5.5,0,0,1,0,0,0,0
C108,3,0,0,0,0,0,0,0,0,0,0,0,0,0,0,0,0,0,0,0,0
C109,3,0,0,1,0,4.5,8,0,9.5,0,5.5,3.5,8,0,0,0,0,0,0,0,3.5
C110,3,9,1,0,0,0,0,0,0,0,0,8.5,0,0,4,0,0,2,0,0,0
C111,3,0,0,0,0,0,0,8.5,0,8,7.5,3.5,0,3,0,0,0,1.5,0,0,1
C112,3,0,0,0,0,0,0,0,0,0,0,0,0,0,0,0,0,0,0,0,0
C113,3,0,0,0,0,0,0,0,0,0,0,0,0,0,0,0,0,0,0,0,0
C114,3,0,0,0,0,0,0,0,1.5,1.5,5,0,0,4.5,0,0,6,0,2.5,0,0
C115,3,0,0,0,0,0,0,10,0,0,0,0,2.5,0,0,0,0,0,0,0,0
C116,3,0,0,10,0,0,0,0,7.5,1,7.5,0,0,10,0,0,0,0,0,6.5,3
C117,3,0,0,0,0,0,0,0,0,0,0,0,0,0,0,0,0,0,0,0,0
C118,3,0,0,0,0,0,1.5,0,0,0,2,0,0,0,0,9.5,1,0,0,3,0
C119,3,0,1.5,0,4,0,0,4.5,6.5,0,3.5,0,0,0,4,5.5,0,0,9,0,0
C120,3,0,0,7,6.5,0,0,0,0,0,0,10,5,3.5,0,0,0,0,2,0,0
C121,3,0,0,0,0,0,0,0,0,0,0,0,0,0,0,0,0,0,0,0,0
C122,3,0,0,0,2,0,0,0,0,0,6,0,0,0,0,5.5,0,0,0,0,1
C123,3,0,1.5,1.5,1,8,0,0,0,0,0,2,0,0,0,0,7.5,0,7,0,0
C124,3,0,0,0,8.5,0.5,0,0,0,1,0,0,0,0,0,0,3,3,0,0,0
C125,3,9,0,0,0,4,0.5,0,0,0,0,5.5,0,1,0,0,0,0,0,0,9.5
C126,3,8,2.5,3,5,0,0,0,0,0,8,3.5,0,0,0,0,0,0,0,0,0
C127,3,5,3,0,5,0,4.5,0,0,3.5,8.5,0,0,3,0,0,5.5,0,5.5,0,0
C128,3,0,0,0,0,0,0,0,0,0,0,0,0,0,0,0,0,0,0,0,0
C129,3,6.5,6,0,0,2.5,5,0,0,0,0,0,0,7,0,1.5,2.5,0,9,0,10
C130,3,0,6.5,0,0,2.5,0,0,0,0,9,8.5,8,2.5,0,0,0,6.5,0,0,0
C131,3,0,0,0,0,0,0,0,0,0,0,0,0,0,0,0,0,0,0,0,0
C132,3,0,0,0,0,0,0,0,0,0,0,0,0,0,0,0,0,0,0,0,0
C133,3,0,1,0,0,0,5.5,9,6,0,0,0,9.5,5,0,1.5,0,5,0,0,9.5
C134,3,0,0,0,0,0,0,0,0,0,0,0,0,0,0,0,0,0,0,0,0
C135,3,10,0,8.5,9.5,7.5,0,0,0,0,9.5,0,0,0,0,6.5,0,0,0,0,8.5
C136,3,0,0,0,0,0,0,0,0,0,0,0,0,0,0,0,0,0,0,0,0
C137,3,0,0,0,0,0,0,0,0,0,0,0,0,0,0,0,0,0,0,0,0
C138,3,0,0,6,0,0,0,6,7,0,0,6,0,2,0,5.5,0,0,5,8.5,3
C139,3,0,7.5,8.5,8,0,0,7.5,6,3.5,0,4,0,0,0,1.5,0,0,0,0,0
C140,3,10,7.5,0,0,0,4,0,5.5,0,1,0,0,10,0,0,0,0,0,4.5,0
C141,3,7,0,0,0,2.5,1,0,0,5,0,0,3.5,0,0,0,9.5,0,6,0,0
C142,3,0,0,0,0,0,0,0,0,0,0,0,0,0,0,0,0,0,0,0,0
C143,3,0,0,4.5,0,0,0,0,0,0,0,10,2,0,0,0,6.5,2.5,0,0,0
C144,3,0,1.5,0,0,9.5,1.5,2.5,0,0,0,0,7,0,0,0,0,5.5,0,0,0
C145,3,6,0,2.5,0,0,0,0,3.5,0,0,0,1.5,1.5,0,0,3,0,4.5,0,8
C146,3,0,8,0,1,0,8.5,0,6.5,0,0,0,0,7,0,0,4.5,9.5,0,2,0
C147,3,8.5,0,0,2.5,6.5,0,0,4,0,0,0,6.5,0,4.5,2.5,0,0,3,0,0
C148,3,6,4,0,9,0,0,0,0,0,0,0,8,0,0,0,0,2.5,0,0,0
C149,3,0,0,0,0,0,0,0,0,0,0,0,0,0,0,0,0,0,0,0,0
C150,3,9,0,0,0,0,0,8.5,0,0,0,5.5,0,0,6.5,7.5,0,5.5,0,0,5
C151,3,0,0,6.5,4.5,0,0,0,0,0,4.5,0,0,0,0,0,0,0,0,0,0
C152,3,0,0,1,0,6,1.5,2.5,3.5,7,5,0,0,0,1.5,6.5,0,0,9.5,0,0
C153,3,0,0,0,0,0,0,0,0,0,0,0,0,0,0,0,0,0,0,0,0
C154,3,0,0,9.5,3.5,5.5,0,0,4.5,7,0,4.5,9,0,6,6,0,0,0,0,0
C155,3,0,0,5.5,0,0,0,0,0,0,0,0,0,0,0,5.5,0,0,8.5,0,6.5
C156,3,0,0,0,0,0,0,0,0,0,0,0,0,0,0,0,0,0,0,0,0
C157,3,0,0,0,0,0,0,0,0,0,1.5,3.5,3,0,0,0,0,1,0,0,0
C158,3,2,0,0,0,9,1.5,0,1,0,4,0,0,1,0,6,0,7,1,7,0
C159,3,0,0,0,0,0,0,0,0,0,0,0,0,0,0,0,0,0,0,0,0
C160,3,0,0,7.5,0,0,0,0,0,0,0,0,0,0,0,0,0,0,3,0,0
C161,3,0,0,0,2.5,0,0,0,0,0,0,0,5.5,0,0,0,0,0,0,0,0
C162,3,8,0,0,6,0,0,0,8.5,0,9,4.5,0,8.5,5,4.5,0,0,0,2.5,2
C163,3,0,0,0,0,0,0,0,0,0,0,0,0,0,0,0,0,0,0,0,0
C164,3,0,0,0,0,0,0,0,0,0,0,0,0,0,0,0,0,0,0,0,0
C165,3,0,0,0,0,0,0,7,0,1,5.5,2.5,0,0,0,0,0,0,2,5,8.5
C166,3,7,0,0,1,0,0,0,9,0,5,0,0,2.5,0,0,10,0,4,0,7
C167,3,10,3.5,7.5,0,0,4.5,0,0,0,0,0,0,0,9.5,0,0,0,9,0,0
C168,3,0,0,1.5,0,0,0,0,0,0,0,0,0,0,0,0,2,0,0,4,0
C169,3,0,0,0,0,0,0,0,0,0,0,0,0,0,0,0,0,0,0,0,0
C170,3,0,8,0,0,0,8,0,0,0,0,0,0,0,0,9.5,0,0,0,7,9
C171,3,0,0,0,0,0,2,0,4,0,0,0,0,0,2.5,0,0,0,0,0,2.5
C172,3,0,0,0,1,0,0,0,0,0,0,0,8.5,0,0,0,0,0,0,5,0
C173,3,0,0,0,0,0,0,0,0,0,0,0,0,0,0,0,0,0,0,0,0
C1,4,0,0,5.5,2,0,0,10,6.5,0,5,6.5,0,6.5,0,0,0,0,5,0,1
C2,4,0,1,0,0,0,0,0,0,0,0,0,3,0.5,0,1.5,0,0,5.5,0,0
C3,4,7.5,0,8.5,0,0,0,0,0,0,0,0,0,0,0,0,0,0,0,1.5,0
C4,4,0,0,0,0,0,0,0,0,0,0,0,0,0,0,0,0,0,0,0,0
C5,4,0,3,0,0,0,0,0,0,10,0,0,0,0,0,7.5,7,0,0,0,0
C6,4,0,0,0,0,0,4.5,0,0,0,0,0,9,0,0,0,0,0,10,0,0
C7,4,0,0,0,0,0,0,0,0,0,0,0,0,0,0,0,0,0,0,0,0
C8,4,0,0,0,0,0,0,0,0,0,0,0,0,0,0,0,0,0,0,0,0
C9,4,0,0,0,0,0,0,0,0,0,0,0,0,0,0,0,0,0,0,0,0
C10,4,0,0,0,0,0,0,0,0,0,0,0,0,0,0,0,0,0,0,0,0
C11,4,0,0,0,0,0,0,0,0,0,0,0,0,0,0,0,0,0,0,0,0
C12,4,0,0,0,0,0,0,0,0,0,0,0,0,0,0,0,0,0,0,0,0
C13,4,6,0,0,10,0,0,6,8.5,0,0,7,7,0,1,6,2.5,0,0,7,0
C14,4,0,9,0,0,0,0,5,0,0,5.5,0,0,2.5,2.5,4,0,4,0,8,4.5
C15,4,0,0,0,0,0,0,0,0,0,0,0,0,0,0,0,0,0,0,0,0
C16,4,0,0,0,0,0,0,0,0,0,0,0,0,0,0,0,0,0,0,0,0
C17,4,0,0,0,0,0,0,0,0,0,0,0,0,0,0,0,0,0,0,0,0
C18,4,0.5,4,8.5,0,7.5,6,0,6,0,5,0,0,8.5,5,0,0,0,0,0,8.5
C19,4,4,0,0,4,0,0,2,0,5,7.5,8,0,0,8,0,0,8.5,0,4,4.5
C20,4,9,3,0,0,4,0,8.5,5,0,9.5,0,0,6.5,6,0,0,6,0,0,2
C21,4,0,0,0,4,0,0,0,0,6.5,0,3.5,0,0,6.5,0,0,0,0,0,0
C22,4,0,0,0,0,0,5,0,0,0,0,0,0,0,0,0,6.5,0,5.5,0,4.5
C23,4,0,0,4,0,0,0,6.5,0,1,0,0,0,0,5.5,0,9.5,7,10,0,0
C24,4,0,0,0,7.5,0,0,8,1.5,0,0,7,0,0,0,0,1.5,0,4,0,0
C25,4,6.5,0,8,0,2,0,0,0,0,9,0,0,0,0,0,7.5,8.5,1.5,0,0
C26,4,0,0,0,0,0,0,0,0,0,0,0,0,0,0,0,0,0,0,0,0
C27,4,1.5,0,0,0,0,0,0,0,0,1,0,0,0,0,0,0,0,0,0,0
C28,4,0,0,0,0,0,0,0,0,0,0,0,0,0,0,0,0,0,0,0,0
C29,4,0,0,0,1,0,0,0,7.5,0,2.5,0,0,0,0,5,0,3,0,2.5,0
C30,4,0,0,0,0,0,5,1.5,9,0,0,0,5,0,0,0,0,0,0,5.5,0
C31,4,0,0,0,0,0,0,0,0,0,0,0,0,0,0,0,0,0,0,0,0
C32,4,4,0,0,0,4,0,0,3.5,0,5.5,0,0,0,0,0,0,9.5,0,0,0
C33,4,9.5,0,0,0,0,0,0,8.5,0,0,0,9.5,0,0,1,0,2,0,0,6.5
C34,4,9,0,0,0,0,0,5.5,7,0,0,2,0,0,0,8,3.5,3.5,0,5.5,0
C35,4,0,0,0,0,0,0,0,0,0,0,0,0,0,0,0,0,0,0,0,0
C36,4,0,0,7,1.5,0,0,0,0,0,2.5,0,0,4,7,0,0,0,0,0,0
C37,4,0,0,0,0,0,0,0,0,0,0,0,0,0,0,0,0,0,0,0,0
C38,4,0,0,0,0,0,0,0,0,0,0,0,0,0,0,0,0,0,0,0,0
C39,4,0,0,0,0,0,0,0,0,0,0,0,0,0,0,0,0,0,0,0,0
C40,4,0,0,0,0,0,0,0,0,0,0,0,0,0,0,0,0,0,0,0,0
C41,4,0,0,6.5,0,0,0,0,0,0,0,0,0,0,2,0,0,0,0,0,6.5
C42,4,0,0,0,0,0,0,0,0,0,0,0,0,0,0,0,0,0,0,0,0
C43,4,0,0,0,0,0,0,0,0,0,0,0,0,0,0,0,0,0,0,0,0
C44,4,2.5,0,0,0,3,3,4,1.5,0,0,0,0,8,0,0,7,0,0,0,0
C45,4,0,0,0,0,0,0,0,0,0,0,0,0,0,0,0,0,0,0,0,0
C46,4,0,8.5,0,0,1.5,0,0,0,5.5,0,0,9.5,0,3,0,0,0,2.5,8,4.5
C47,4,0,0,0,0,0,0,10,0,0,0,0,0,0,0,7.5,0,0,10,0,0
C48,4,0,0,0,0,0,0,0,0,0,0,0,0,0,0,0,0,0,0,0,0
C49,4,0,0,0,0,0,0,0,0,0,0,0,0,0,0,0,0,0,0,0,0
C50,4,0,0,0,9,0,9.5,1,0,0,2.5,0,0,0,0,0,3,0,0,0,0
C51,4,0,0,0,0,0,0,0,0,0,0,0,0,0,0,0,0,0,0,0,0
C52,4,0,0,1.5,2,0,0,8.5,0,0,0,0,0,1,0,0,2,0,0,8.5,0
C53,4,0,0,0,0,0,0,0,0,0,0,0,0,0,0,0,0,0,0,0,0
C54,4,0,0,2.5,9.5,4,0,0,0,0,0,0,0,0,7,0,0,6.5,7,8.5,0
C55,4,0,0,0,0,0,0,0,0,0,0,0,0,0,0,0,0,0,0,0,0
C56,4,0,0,0,0,6.5,0,0,0,7.5,4,9.5,0,0,6,0,7.5,6,0,1,0
C57,4,0,0,0,2,0,0,2,0,2.5,0,0,0,0,0,0,4,5.5,0,0,0
C58,4,0,0,0,0,0,0,0,0,0,0,0,0,0,0,0,0,0,0,0,0
C59,4,7,0,7,0,9.5,0,8.5,0,0,0,0,4,2,6,0,0,0,3,0,0
C60,4,0,0,0,0,0,0,0,0,0,0,0,0,0,0,0,0,0,0,0,0
C61,4,0,0,7,0,0,6.5,0,4,7,0,0,5,9,2.5,7.5,9,0,0,0,0
C62,4,1,0,2.5,0,7.5,0,0,5,9.5,8.5,0,3.5,8,0,0,0,3,0,6.5,0
C63,4,7,3,8,0,0,0,0,0,0,5.5,0,0,0,0,7,0,0,0,0,0
C64,4,0,0,0,0,0,0,0,0,0,0,0,0,0,0,0,0,0,0,0,0
C65,4,0,1,0,0,0,9.5,3,0,6.5,0,6.5,0,0,0,0,0,0,0,6.5,8
C66,4,0,0,0,0,0,0,0,0,0,0,0,0,0,0,0,0,0,0,0,0
C67,4,0,0,0,0,0,0,0,0,0,0,0,0,0,0,0,0,0,0,0,0
C68,4,10,0,0,0,0,0,0,0,0,0,0,2,0,0,0,0,0,0,0,0
C69,4,0,0,0,0,0,0,0,0,0,0,1.5,0,4,0,0,0,0,0,0,0
C70,4,0,0,3.5,0,0,0,0,0,0,0,0,1.5,0,0,0,0,0,0,0,0
C71,4,0,0,0,0,0,0,0,0,0,0,0,0,0,0,0,0,0,0,0,0
C72,4,0,0,0,0,0,0,0,0,0,0,0,0,0,0,0,0,0,0,0,0
C73,4,0,0,3,0,0,0,0,0,0,8,0,7,5.5,0,8.5,4.5,2.5,5.5,4,0
C74,4,2.5,9,0,3.5,0,0,0,0,0,0,4.5,4,0,3,4.5,0,0,0,0,7
C75,4,0,7,0,2.5,0,0,0,0,0,0,0,0,0,0,0,1.5,0,1,0,0
C76,4,0,0,8.5,0,0,0,0,0,0,0,0,0,0,0,0,0,4,6.5,0,0
C77,4,0,0,0,0,0,0,0,0,0,0,0,0,0,0,0,0,0,0,0,0
C78,4,0,0,0,0,0,0,0,0,6.5,0,0,0,0,6,0,0,0,0,0,0
C79,4,4,9.5,0,6,0,0,0,0,9,6,0,0,3.5,5,7,0,7.5,0,0,0
C80,4,5,0,0,5.5,0,0,0,7,0,7,0,0,10,0,10,0,4,0,0,9
C81,4,0,0,0,0,0,0,0,0,0,0,0,0,0,0,0,0,0,0,0,0
C82,4,0,0,0,0,0,0,0,0,0,0,0,0,0,0,0,0,0,0,0,0
C83,4,0,0,0,0,0,0,10,0,3.5,0,0,0,0,0,0,0,0,1.5,4.5,0
C84,4,0,1,4.5,0,5.5,0,9,10,2,6.5,0,10,3,0,0,0,8.5,0,0,0
C85,4,0,0,0,0,0,0,0,0,5.5,6,7.5,0,0,0,0,0,0,0,8,0
C86,4,0,0,0,0,9.5,0,0,0,0,0,0,0,0,0,4.5,0,0,0,0,0
C87,4,0,0,0,0,0,0,10,0,0,0,0,0,0,0,0,0,0,0,7,0
C88,4,0,0,0,0,0,0,0,0,0,8,0,9,0,0,0,0,0,0,0,0
C89,4,2,0,0,0,0,9,0,0,0,0,0,0,0,0,0,7.5,0,0,0,0
C90,4,0,0,0,0,0,4.5,3.5,0,0,0,0,0,0,3.5,0,0,0,0,0,0
C91,4,0,0,0,8.5,10,0,0,0,0,0,0,0,0,2,8.5,0,0,0,0,0
C92,4,4.5,0,0,0,0,0,0,0,0,0,0,0,0,0,0,0,7,0,5,0
C93,4,0,0,0,1.5,0,0,0,0,0,5.5,9,0,0,0,9,0,2.5,1.5,9,5.5
C94,4,0,0,0,0,0,0,0,0,0,0,0,0,0,0,0,0,0,0,0,0
C95,4,0,0,4,0,0,7,0,5.5,0,0,0,0,2,0,0,0,0,8.5,0,5.5
C96,4,0,0,0,0,0,0,6.5,1,6,0,5,0,0,5,0.5,9,0,0,0.5,8
C97,4,0,4.5,6.5,3,0,0,0,0,0,8,1,2.5,10,0,0,0,0,4.5,8.5,0
C98,4,0,0,0,0,0,0,0,0,0,0,0,0,0,0,0,0,0,0,0,0
C99,4,0,0,0,0,0,0,0,0,0,0,0,0,0,0,0,0,0,0,0,0
C100,4,0,7,3.5,0,0,9,0,0,2.5,2,0,0,0,0,5.5,2,0,3.5,0,0
C101,4,6.5,7.5,0,0,9,0,0,0,0,7,0,0,0,0,0,0,0,4.5,0,0
C102,4,1.5,0,0,0,0,0,0,0,0,4,0,0,0,0,0,0,0,0,0,0
C103,4,0,0,0,0,0,0,0,0,0,0,0,0,0,0,0,0,0,0,0,0
C104,4,0,0,0,0,0,0,0,0,0,0,0,0,0,0,0,0,0,0,0,0
C105,4,0,0,0,0,0,0,0,0,5,0,0,0,0,0,0,0,0,0,8,0
C106,4,0,6,0,0,3,4.5,0,0,0,0,0,8,8.5,7,4.5,9.5,0,1.5,5.5,0
C107,4,0,3,0,0,0,0,0,2,0,1,0,0,0,0,0,10,0,6.5,8,0
C108,4,0,0,0,0,0,0,0,0,0,1,3.5,0,0,0,0,0,0,0,0,0
C109,4,7.5,9,9,0,8,4.5,3.5,6.5,1,0,0,0,0,0,0,0,4.5,0,0,8
C110,4,0,0,0,0,0,0,0,0,0,0,0,0,0,0,0,0,0,0,0,0
C111,4,0,0,0,0,0,0,0,0,0,0,0,0,0,0,0,0,0,0,0,0
C112,4,0,0,0,0,0,0,0,0,0,0,0,0,0,0,0,0,0,0,0,0
C113,4,0,0,4,0,0,0,0,9,2,10,0,0,0,0,0,0,0,1,0,0
C114,4,0,0,0,0,0,0,0,0,0,0,0,5,0,0,0,0,0,0,0,9.5
C115,4,0,0,3,9,6.5,0,0,0,0,0,0,5,0,5.5,0,0,0,0,0,0
C116,4,0,4.5,3,0,9,5.5,0,0,0,3,0,3.5,7.5,0,0,3,4,5,0,0
C117,4,0,0,0,0,0,0,0,0,0,0,1.5,0,7,7.5,9,0,0,0,1,0
C118,4,0,0,0,0,0,0,0,0,0,0,0,0,0,0,0,0,0,0,0,0
C119,4,0,0,0,6.5,0,0,10,0,0,0,9.5,0,0,0,0,0,0,0,0,0
C120,4,0,0,0,0,0,0,0,0,0,0,0,0,0,0,0,0,0,0,0,0
C121,4,0,0,0,0,0,0,0,0,0,0,0,0,0,0,0,0,0,0,0,0
C122,4,9.5,0,0,0,0,5,0,5,0,6.5,4,0,5,0,3.5,0,7,9,0,0
C123,4,0,0,0,7,0,9.5,5,0,10,2,9,10,8.5,0,0,0,0,8.5,0,0
C124,4,0,0,0,0,9,0,0,0,0,0,8.5,0,3,0,0,7,0,0,10,9.5
C125,4,0,0,0,4,6.5,0,0,8.5,0,0,0,0,0,0,0,0,0,0,0,0
C126,4,0,0,0,0,0,0,0,0,0,0,0,0,0,0,0,0,0,0,0,0
C127,4,0,0,0,0,0,0,0,0,0,0,0,0,0,0,0,0,0,0,0,0
C128,4,0,0,0,0,3,0,4.5,0,0,0,2,2.5,0,9,0,5.5,0,7.5,0,5.5
C129,4,0,0,0,0,2,0,0,0,0,0,0,0,0,0,0,0,0,10,0,0
C130,4,6,3,0,0,0,0,7.5,2,0,9.5,0,0,5.5,0,0,0,0,0,0,3.5
C131,4,1.5,2.5,0,0,0,6,0,3.5,6.5,0,0,0,0,7.5,4,5.5,0,8,0,0
C132,4,0,0,0,0,0,0,0,0,0,0,0,0,0,0,0,0,0,0,0,0
C133,4,2.5,0,0,0,6,0,0,0,0,0,0,0,9,0,0,0,0,0,0,0
C134,4,0,0,4,7.5,2.5,0,3.5,0,7.5,0,0,0,5.5,0,0,1.5,0,9,9.5,1.5
C135,4,0,0,0,0,0,0,0,0,0,0,0,0,0,0,0,0,0,0,0,0
C136,4,0,0,0,0,0,0,0,0,0,0,0,0,0,0,0,0,0,0,0,0
C137,4,0,0,0,0,0,0,0,0,0,0,0,0,0,0,0,0,0,0,0,0
C138,4,0,0,0,0,0,0,0,0,0,0,0,0,0,0,0,0,0,0,0,0
C139,4,0,0,0,2.5,0,9.5,0,0,0,0,4.5,0,0,0,0,4,0,0,0,0
C140,4,0,0,0,0,0,0,0,0,0,0,0,0,0,0,0,0,0,0,0,0
C141,4,9,0,0,0,6.5,9.5,0,0,0,4.5,6,0,0,0,0,8.5,0,0,0,1
C142,4,0,0,0,0,0,0,0,0,0,0,0,0,0,0,0,0,0,0,0,0
C143,4,0,0,0,1,9.5,0,8,9.5,7.5,0,5,0,0,0,0,8,0,1.5,5,0
C144,4,1.5,1,3.5,0,0,0,1.5,0,0,0,0,0,0,9.5,0,5.5,0,0,0,0
C145,4,0,0,0,10,4,6.5,4,0,5.5,0,5,3,0,0,0,8.5,0,0,5.5,0
C146,4,7.5,10,0,2,8,0,0,0,0,0,1.5,5,8,0,8.5,0,9.5,0,4,0
C147,4,0,0,0,0,0,0,0,0,0,0,0,0,0,0,0,0,0,0,0,0
C148,4,3,0,0,0,0,1,1,1,0,0,0,0,2,0,0,6.5,7,0,0,0
C149,4,0,3.5,6,0,0,0,9.5,0,9.5,0,0,0,0,0,0,0,0,7.5,0,0
C150,4,0,0,0,0,0,0,0,0,0,0,0,0,0,0,0,0,0,0,0,0
C151,4,0.5,0,0,0,0,4,0,0,0,0,6,0,0,7.5,0,0,4,0,6,0
C152,4,6.5,0,0,0,7.5,4,0,0,0,0,0,9.5,8,0,1,9,0,2.5,2,0
C153,4,0,7.5,0,0,0,0,0,7,0,0,0,0,0,0,0,0,0,0,0,0
C154,4,0,0,0,0,0,5.5,0,0,0,0,6,10,5,0,8,2.5,6.5,10,0,0
C155,4,0,0,0,1.5,0,5,10,6,0,0,0,0,0,1,0,0,0,0,0,5
C156,4,0,0,0,0,10,0,0,0,0,0,3.5,0,0,0,0,7,0,7,0,5.5
C157,4,0,0,0,0,0,0,0,0,0,0,0,0,0,0,0,0,0,0,0,0
C158,4,0,8.5,2.5,2.5,0,0,0,0,1.5,0,0,0,0,0,0,0,0,0,2,3
C159,4,0,0,0,0,0,0,0,0,0,0,0,0,0,0,0,0,0,0,0,0
C160,4,1.5,4.5,1.5,0,0,0,0,0,5.5,0,6.5,0,6,9,0,0,0,8.5,0,0
C161,4,2,0,0,3.5,0,10,0,0,0,0,0,0,0,6,0,0,5,0,0,0
C162,4,0,0,0,0,0,0,0,0,0,0,0,0,0,0,0,0,0,0,0,0
C163,4,0,0,0,3,8.5,0,6.5,0,0,0,0,0,0,0,0,4.5,0,0,5,0
C164,4,0,0,0,0,0,0,0,0,0,0,0,0,0,0,0,0,0,0,0,0
C165,4,0,0,0,0,0,0,3,0,0,0,0,0,0,5.5,0,0,0,0,0,0
C166,4,2.5,0,5.5,0,8,10,2,0,0,0,3,0,8.5,0,4,0,0,0,0,9
C167,4,0,0,9,0,0,0,4,0,0,0,10,0,0,0,0,0,0,0,7.5,0
C168,4,3.5,0,0,0,0,0,0,6.5,1.5,6,8,0,0,0,0,0,5,3.5,4,3.5
C169,4,3.5,0,0,0,9.5,8.5,0,0,0,0,0,0,0,6,6,4.5,0,0,0,0
C170,4,2.5,0,0,0,0,0,0,0,1.5,0,0,0,0,0,0,0,6.5,0,0,0
C171,4,0,0,0,0,0,0,0,0,0,0,0,0,0,0,0,0,0,0,0,0
C172,4,9.5,0,0,4.5,6.5,9.5,0,0,0,0,0,0,0,0,0,0,0,0,0,2.5
C173,4,0,0,0,0,0,0,0,0,0,0,0,0,0,0,0,0,0,0,0,0
C1,5,6,4.5,0,0,0,0,0,9,7,1,8.5,0,9.5,0,7.5,0,0,0,8.5,0
C2,5,0,0,0,0,0,0,0,0,0,0,0,0,0,0,0,0,0,0,0,0
C3,5,1.5,0,10,4.5,0,9,0,0,6,0,8,0,1,3.5,0,0,0,3.5,6.5,0
C4,5,0,0,0,0,0,0,0,0,0,0,0,0,0,0,0,0,0,0,0,0
C5,5,0,0,0,0,6.5,4,5.5,2.5,0,0,0.5,0,6.5,4.5,0,0,0,0,0,0
C6,5,0,0,3.5,3,3,0,0,0,8.5,0,0,0,0,0,8.5,0,0,0,3.5,0
C7,5,0,0,0,0,0,8.5,1,0,0,0,0,0,0,2,0,0,0,0,0,0
C8,5,0,0,0,0,0,0,0,0,0,0,0,0,0,0,0,0,0,0,0,0
C9,5,6.5,9,5.5,0,2,0,0,0,5,0,0,0,2,0,1.5,0,9,0,0,0
C10,5,0,8,0,0,0,0,0,0,0,0,8,0,0,0,0,0,0,0,0,0
C11,5,0,2,9.5,0,0,0,9.5,0,6.5,8.5,0,0,0,0,0,6.5,0,0,0,0
C12,5,0,1,1.5,2.5,0,8.5,0,3,0,0,3,0,0,8,3.5,6,0,6,0,0
C13,5,0,3,0,0,10,0,0,0,0,0,0,2,9,0,0,0,0,2,0,0
C14,5,0,0,0,2.5,0,0,0,0,0,5,0,0,0,0,3,0,0,0,7.5,0
C15,5,0,0,0,0,0,5.5,0,0,0,0,0,0,9.5,0,0,4.5,7,0,0,0
C16,5,0,0,0,0,0,0,0,0,0,0,0,0,0,0,0,0,0,0,0,0
C17,5,0,0,6.5,0,1.5,0,0,0,0,0,0,0,0,0,0,0,0,0,7,0
C18,5,0,7.5,0,9,9,3,0,0,0,1.5,0,3.5,0,0,0,0,7,0,0,7.5
C19,5,0,0,0,0,3,1,0,8.5,5.5,0,0,0,0,0,0,0,6.5,6.5,0,0
C20,5,2,8,8,0,0,0,0,10,0,8,0,0,0,3,6.5,9,0,0,7,1
C21,5,0,0,0,0,0,0,0,0,0,0,0,0,0,0,0,0,0,0,0,0
C22,5,0,0,0,0,8.5,0,0,0,0,2.5,0,0,0,0,0,0,0,0,0,0
C23,5,0,0,0,3.5,0,0,0,0,0,5,0,0,0,7,0,0,0,0,0,0
C24,5,0,0,0,4.5,0,7.5,4,2.5,0,0,0,9.5,1.5,0,0,5,2.5,0,0,0
C25,5,0,0,0,0,0,0,0,0,0,0,0,0,0,0,0,0,0,0,0,0
C26,5,0,0,0,5,0,0,0,0,0,8.5,9,0,0,0,1.5,0,0,0,0,0
C27,5,0,0,9.5,0,0,3,5.5,0,0,0,3,0,0,0,0,0,0,0,0,0
C28,5,0,6,6,0,0,0,5,8.5,0,7.5,0,6,0,0,0,0,0,1,6,6.5
C29,5,0,0,0,0,0,0,0,0,0,0,0,0,0,0,0,0,0,0,0,0
C30,5,0,0,0,4.5,2,0,7,0,9,0,3.5,0,0,0,9.5,0,0,0,0,0
C31,5,1.5,2.5,0,0,0,0,7,8,0,0,0,4.5,4.5,0,1,0,0,0,0,0
C32,5,0,0,0,5.5,0,0,0,0,0,0,0,0,0,10,0,0,0,0,0,0
C33,5,0,0,0,0,0,0,0,0,0,0,0,0,0,0,0,0,0,0,0,0
C34,5,0,0,10,0,0,3.5,8.5,1,5,9,3,9.5,0,0,0,0,0,1.5,1,0
C35,5,0,0,0,0,0,0,0,0,0,0,0,0,0,0,0,0,0,0,0,0
C36,5,0,7,0,0,0,0,0,4.5,0,0,4.5,0,0,0,4.5,0,5,0,9,2
C37,5,0,5,0,9,4.5,9.5,8,0,0,7.5,0,0,0,5.5,0,1.5,0,0,4,5.5
C38,5,0,1.5,0,0,3,0,0,0,0,0,7.5,3.5,0,0,0,1,2.5,0,0,0
C39,5,0,0,0,0,0,0,0,0,0,0,0,0,0,0,0,0,0,0,0,0
C40,5,8.5,0,0,0,9.5,0,0,0,4.5,10,0,0,0,0,0,9,0,0,5,0
C41,5,0,1.5,0,0,0,0,0,0,6.5,0,0,0,0,0,0,0,0,0,0,0
C42,5,0,7,0,1,7.5,0,0,6.5,8,0,9,2,0,0,0,0,0,3,0,0
C43,5,7,0,0,0,0,0,5.5,0,0,2,0,8,0,0,5.5,8.5,0,0,0,0
C44,5,0,0,0,0,0,0,0,0,0,0,0,0,0,0,0,0,0,0,0,0
C45,5,0,0,0,0,0,0,0,0,0,0,0,0,0,0,0,0,0,0,0,0
C46,5,3.5,2.5,0,0,0,0,6,2,2,0,0,0,0,2.5,5,0,0,6.5,0,2.5
C47,5,0,0,0,8,7,0,9,5.5,0,0,3.5,0,0,0,0,0,0,0,0,0
C48,5,3.5,0,7,0,2,0,0,0,0,2,2.5,0,10,0,0,0,0,3.5,0,0
C49,5,0,0,0,0,0,9,0,0,0,7,0,0,2,7,0,0,0,0,0,0
C50,5,9,3,6.5,4.5,0,0,0,0,0,0,0,3,2,0,0,2.5,0,0,0,0
C51,5,8.5,0,0,3.5,0,0,0,3.5,0,0,0,0,5.5,0,0,0,9.5,0,0,4
C52,5,0,0,2,5,0,0,0,0,0,4,0,9.5,5,8.5,7.5,0,5.5,0,10,4
C53,5,0,3,0,10,0,0,7,0,10,9,4.5,0,4.5,0,9.5,0,10,0,3,0
C54,5,4,9.5,4,5.5,0,8,0,0,0,0,3,0,0,6,1,8.5,0,0,8.5,0
C55,5,0,0,0,0,0,0,0,0,0,0,0,0,0,0,0,0,0,0,0,0
C56,5,0,0,0,0,0,0,0,0,0,0,0,0,0,0,0,0,0,0,0,0
C57,5,0,0,0,0,0,0,0,0,0,0,0,0,0,0,0,0,0,0,0,0
C58,5,0,0,6,0,0,0,0,0,1.5,0,10,0,0,0,0,9,0,2,0,0
C59,5,0,7,0,6.5,0,0,0,0,0,0,0,0,0,0,0,2,0,0,3,0
C60,5,0,0,0,0,0,0,0,0,0,0,0,0,0,0,0,0,0,0,0,0
C61,5,0,0,8,6.5,0,10,0,2.5,1.5,0,0,9,7.5,5.5,3.5,0,0,5.5,0,0
C62,5,0,0,0,0,0,0,0,8,0,0,0,0,0,0,0,9,5,6.5,0,0
C63,5,0,0,0,0,0,0,0,4,8,5,5.5,0,0,0,0,0,2,4.5,5,0
C64,5,0,0,0,0,0,0,0,0,0,0,0,0,0,0,0,0,0,0,0,0
C65,5,0,0,0,0,0,0,0,0,0,0,0,0,0,0,0,0,0,0,0,0
C66,5,0,0,0,0,0,0,0,0,0,0,0,0,0,0,0,0,0,0,0,0
C67,5,0,0,0,0,0,0,0,0,0,0,0,0,0,0,0,0,0,0,0,0
C68,5,0,0,0,0,0,0,0,0,0,0,0,0,0,0,0,0,0,0,0,0
C69,5,0,0,1.5,0,0,0,0,0,0,0,8.5,0,0,0,0,5.5,10,0,3.5,5
C70,5,5.5,0,3.5,0,9,5,0,0,0,0,10,0,0,0,1,5.5,8.5,1,0,0
C71,5,3,0,0,0,0,0,0,0,1,1,0,4,0,0,0,10,0,0,0,0
C72,5,0,0,0,0,0,6.5,0,9.5,0,1.5,0,9.5,0,0,5,0,0,0,2.5,10
C73,5,0,8.5,0,0,0,0,3,0,0,0,0,4.5,0,0,0,0,0,0,4,0
C74,5,0,0,0,6.5,3,0,0,9,0,0,0,0,4,8.5,7.5,4.5,6.5,9,0,0
C75,5,6,2,10,0,0,0,7,0,0,0,7,2,0,0,2.5,0,0,8.5,2,0
C76,5,0,1,5.5,0,7.5,0,0,0,3.5,0,4.5,0,0,6,0,0,5.5,0,0,0
C77,5,0,0,0,0,0,0,0,0,0,0,0,0,0,2.5,0,0,0,0,0,1
C78,5,0,0,0,0,0,2.5,0,0,4,0,0,0,0,9.5,4.5,5,0,0,7.5,5.5
C79,5,4,5,1,0,0,0,2,1,0,0,0,0,2.5,0,3.5,9,0,0,0,5.5
C80,5,0,9,0,4.5,0,9,0,0,0,4.5,0,0,0,8.5,0,0,0,5.5,0,0
C81,5,0,1.5,0,0,0,6,0,0,0,0,0,0,4,0,3.5,0,0,0,0,0
C82,5,2,0,1.5,7,8,0,0,0,0,7.5,5,0,3,0,0,2.5,1,2,0,0
C83,5,0,0,0,0,0,0,0,0,0,0,0,0,0,0,0,0,0,0,0,0
C84,5,0,0,7.5,10,0,0,0,0,4,0,0,5.5,8,0,0,0,0,2,0,3
C85,5,5.5,10,0,3,3.5,0,0,4.5,0,8.5,0,0,9,10,2,0,0,0,0,4
C86,5,0,3,0,0,2.5,3,7,0,6.5,0,0,0,0,5,0,7,0,0,10,0
C87,5,7.5,0,0,1.5,0,0,0,0,4.5,0,0,0,3,5,3.5,9.5,0,5,0,0
C88,5,0,6.5,0,0,0,10,0,0,0,0,0,0,0,0,0,7.5,0,2,0,0
C89,5,0,0,0,0,0,0,0,0,0,0,0,0,0,0,0,0,0,0,0,0
C90,5,0,0,0,0,0,0,0,0,0,0,0,0,0,0,0,0,0,0,0,0
C91,5,0,0,0,0,0,0,0,0,0,0,8.5,8.5,1,0,2.5,0,0,0,0,2
C92,5,0,0,0,0,6,0,9,0,0,0,0,0,0,0,0,2.5,3.5,0,0,0
C93,5,0,0,0,0.5,0,7.5,0,6,0,0,9.5,9.5,0,5,0,5.5,0,0,8.5,10
C94,5,0,0,5,0,0,8,0,3,0,0,0,0,0,0,0,0,0,7,0,0
C95,5,1,0,0,0,5,0,0,0,10,4,0,6,0,9.5,0,0,0,0,0,3.5
C96,5,0,0,5,0,8.5,7,5.5,0,0,4,0,4.5,1,0,0,0,8.5,1,0,0
C97,5,1,5,0,0,0,0,0,0,0,0,0,0,0,0,0,0,0,0,0,0
C98,5,0,0,0,0,0,0,0,0,0,0,4.5,0,3.5,0,0,3,0,5.5,6,0
C99,5,1,0,0,0,0,0,0,4,0,0,0,0,3,0,0,0,4.5,0,0,0
C100,5,0,0,9,0,0,7,1.5,2,1.5,0,0,0,0,0,6,9.5,9,0,7.5,4.5
C101,5,0,0,2.5,7.5,0,0,0,0,3,0,0,0,0,0,0,6,0,0,6.5,0
C102,5,0,0,0,0,0,0,0,0,0,0,0,0,0,0,0,0,0,0,0,0
C103,5,0,2.5,0,0,0,0,2.5,0,1.5,0,0,0,4.5,8,0,0,0,0,7.5,5
C104,5,0,0,0,6.5,0,0,0,0,0,0,0,0,0,0,7,0,0,7.5,0,0
C105,5,0,0,0,0,0,0,0,0,0,0,0,0,0,0,0,0,0,0,0,0
C106,5,0,0,0,0,0,0,0,0,0,0,0,0,0,3,0,0,2,0,0,0
C107,5,4,0,0,3.5,0,0,0,0,0,0,0,0,0,0,0,0,0,0,0,0
C108,5,0,0,0,0,0,0,0,0,0,0,0,0,0,0,0,0,0,0,0,0
C109,5,0,0,9.5,6,9.5,0,10,5.5,2,0,0,6,8.5,0,0,8,0,0,0,3
C110,5,0,0,0,8.5,0,0,0,0,0,3,8.5,0,0,0,0,0,0,0,0,0
C111,5,0,0,0,0,0,0,0,0,0,0,0,0,0,0,0,0,0,0,0,0
C112,5,0,10,0,0,0,0,0,0,0,0,0,0,2.5,0,7.5,0,0,0,0,3.5
C113,5,0,8.5,1.5,0,6,0,0,2,0,0,0,5,0,0,3,0,0,3.5,0,0
C114,5,0,0,0,0,0,0,0,0,0,0,0,0,0,0,0,0,0,0,0,0
C115,5,0,0,0,0,0,0,0,0,0,0,0,0,0,0,0,0,0,0,0,0
C116,5,0,0,0,0,0,0,0,0,0,0,0,0,0,0,0,0,0,0,0,0
C117,5,0,9.5,0,0,8.5,5.5,0,0,6,1,0,3.5,0,8.5,0,4.5,0,9.5,0,0
C118,5,0,0,0,0,0,0,0,0,0,0,0,0,0,0,0,0,0,0,0,0
C119,5,0,0,0,0,0,0,0,0,0,0,0,0,0,0,0,0,0,0,0,0
C120,5,0,0,0,0,0,0,0,0,0,0,0,0,0,0,0,0,0,0,0,0
C121,5,9.5,0,7.5,3,5.5,9.5,7,0,0,0,0,9,0,5.5,0,0,0,0,3,5
C122,5,0,0,0,0,0,0,0,0,0,0,0,0,0,0,0,0,0,0,0,0
C123,5,0,0,0,0,0,0,0,0,0,0,0,0,0,0,0,0,0,0,0,0
C124,5,10,0,0,0,0,0,0,0,0,0,0,0,0,0,4.5,0,5.5,0,6.5,0
C125,5,0,0,0,0,2,0,0,0,0,0,0,3,0,0,8,8,0,0,0,0
C126,5,6,0,0,2.5,0,0,0,0,0,0,0,0,8.5,6.5,0,9.5,0,0,8,0
C127,5,0,0,0,0,0,0,0,0,0,0,0,0,0,0,0,0,0,0,0,0
C128,5,0,0,0,0,0,0,0,0,0,0,0,0,0,0,0,0,0,0,0,0
C129,5,0,0,0,0,0,0,0,1,7.5,0,0,0,0,0,0,0,0,0,0,0
C130,5,0,0,0,0,0,0,0,0,0,0,0,0,0,0,0,0,0,0,0,0
C131,5,0,0,0,0,0,0,0,0,0,0,0,0,0,0,0,0,0,0,0,0
C132,5,0,0,0,0,0,0,0,0,0,0,0,0,0,0,0,0,0,0,0,0
C133,5,6,0,0,0,0,3.5,0,0,0,0,0,0,0,0,0,0,0,0,0,0
C134,5,0,0,0,0,0,0,0,0,0,0,0,0,0,0,0,0,0,0,0,0
C135,5,6,0,0,8.5,0,3,6.5,0,0,0,9,0,0,8.5,3.5,6.5,0,8,0,0
C136,5,0,0,0,0,0,0,0,0,0,0,0,0,0,0,0,0,0,0,0,0
C137,5,0,0,0,7,0,10,0,0,0,0,0,8,9,7,8.5,1.5,0,8,6.5,0
C138,5,0,1.5,10,0,4.5,0,0,0,0,9.5,5,0,0,0,0,9.5,0,0,0,5
C139,5,0,0,0,6.5,0,0,0,0,5,0,0,0,0,0,0,0,0,0,0,0
C140,5,0,0,7.5,1,0,0,0,0,0,10,0,8,0,6.5,9.5,5,3,0,2.5,0
C141,5,0,0,4,0,0,0,2.5,3.5,0,0,0,9,0,0,0,0,5.5,0,0,3.5
C142,5,0,0,0,0,0,0,0,0,0,0,0,0,0,0,0,0,0,0,0,0
C143,5,0,7,2.5,0,0,0,0,0,2,2,7,0,0,0,0,8.5,4.5,2,0,2
C144,5,2,0,3,0,0,0,0,0,6.5,0,0,0,0,9,0,0,0,4,0,0
C145,5,0,0,0,0,0,0,0,0,0,0,0,0,0,0,0,0,0,0,0,0
C146,5,0,0,0,0,0,0,0,0,0,0,0,0,0,0,0,0,0,0,0,0
C147,5,9,0,0,0,0,0,0,0,0,0,5.5,0,0,0,0,0,0,0,0,0
C148,5,0,0,0,0,0,0,0,0,0,0,0,0,0,0,0,1.5,0,0,9.5,0
C149,5,0,0,0,0,0,0,0,0,0,2,0,0,0,7.5,0,0,0,0,0,0
C150,5,0,0,0,0,0,0,3.5,0,0,5,0,0,0,0,3.5,5,8.5,5,0,0
C151,5,0,0,0,0,0,0,0,0,0,0,0,0,0,0,0,0,0,0,0,0
C152,5,0,0,0,0,0,0,0,0,0,0,0,0,0,0,0,0,0,0,0,0
C153,5,7,0,0,0,0,0,3.5,0,0,4,0,0,1,6,0,0,0,0,2.5,0
C154,5,3,10,0,7,0,0,8,0,5,0,0,0,0,1,6,0,7,0,0,0
C155,5,0,0,0,0,4,8,0,0,2,0,0,0,7.5,0,5,3.5,0,0,0,10
C156,5,4.5,0,7.5,0,2.5,0,0,0,6.5,0,0,0,1,0,1.5,0,0,0,0,2.5
C157,5,0,0,0,0,1.5,0,2,6.5,0,0,0,0,0,0,0,0,0,0,0,0
C158,5,0,0,0,0,0,0,0,0,3,0,7,0,0,0,0,0,0,0,0,0
C159,5,1,0,0,0,0,0,0,9.5,1,0,2,0,0,4.5,0,3.5,0,0,0,7
C160,5,0,1,10,0,0,0,0,0,0,0,7,0,0,9.5,0,0,0,0,10,0
C161,5,0,5,0,0,0,0,0,0,4.5,0,9.5,0,1.5,1.5,1.5,3.5,6.5,0,0,0
C162,5,0,0,5,0,3,0,0,3,0,0,0,4,0,0,0,0,0,0,0,7
C163,5,3,0,0,0,6,3.5,8.5,5,7.5,0,0,0,0,0,0,6.5,0,8.5,0,6
C164,5,0,0,0,0,4,0,0,6,0,0,0,0,0,0,10,1,0,4.5,0,2.5
C165,5,7.5,0,0,0,0,9.5,8,0,5.5,6.5,0,0,0,1.5,8.5,0,0,0,0,0
C166,5,5.5,0,0,1.5,2.5,7.5,0,7,9,0,3,0,0,0,0,0,0,0,6.5,0
C167,5,0,0,0,0,0,0,0,0,0,0,0,0,0,0,0,0,0,0,0,0
C168,5,0,0,0,0,0,0,0,0,0,0,0,0,0,0,0,0,0,0,0,0
C169,5,0,0,0,1,0,0,0,0,5.5,0,0,6.5,5.5,8.5,9.5,1,0.5,0,0,6
C170,5,2.5,0,0,0,3.5,5,0,0,0,0,8.5,0,2,2.5,9.5,0,0,5.5,7.5,0
C171,5,0,0,1.5,10,0,5.5,0,0,6.5,0,0,5,0,0,0,4.5,6.5,0,0,8
C172,5,4.5,0,0,7,0,0,0,0,2,0,0,5.5,0,0,0,0,5,0,0,0
C173,5,0,0,0,0,0,0,0,0,0,0,0,0,0,0,0,0,0,0,0,0
E1,1,0,0,0,0,0,0,0,0,0,0,0,0,0,0,0,0,0,0,0,0
E2,1,0,8,0,0,0,0,0,0,0,0,0,0,0,0,7,0,5,0,0,4.5
E3,1,0,0,9.5,0,0,0,0,5.5,0,0,3,0,0,0,0,0,0,0,8.5,9
E4,1,0,5.5,1,1.5,4,0,6,0,0,8,4,10,0,9,0,0,0,0,6,0
E5,1,0,4,5.5,4.5,0,0,0,0,0,5,0,0,0,8.5,0,3.5,0,7.5,0,0
E6,1,5.5,0,0,0,0,0,0,0,8,0,0,10,5.5,0,0,0,0,5.5,0,0
E7,1,0,0,0,3,4,0,5.5,0,0,7,0,5.5,0,0,0,8.5,0,0,0,0
E8,1,0,0,0,0,0,0,0,0,0,0,0,0,0,0,0,0,0,0,0,0
E9,1,5.5,1.5,0,0,0,0,0,2.5,3.5,0,0,0,8.5,0,0,9.5,7.5,0,0,8.5
E10,1,6,0,0,0,0,0,0,0,0,6.5,0,0,0,0,0,8,0,0,0,0
E11,1,0,0,4,0,0,0,10,0,0,0,0,0,10,3.5,7.5,0,6.5,0,0,0
E12,1,0,0,0,7,0,0,0,0,0,6.5,4.5,9.5,3.5,0,5.5,0,8.5,0,0,3.5
E13,1,0,0,0,0,0,0,0,0,0,0,0,0,0,0,0,0,0,0,0,0
E14,1,0,0,8.5,0,0,4,0,0,0,0,8.5,0,0,6,0,0,0,0,0,0
E15,1,6,0,0,2.5,0,0,1,1.5,0,0,0,0,4.5,0,0,0,0,0,0,0
E16,1,0,0,3.5,9,0,0,0,8,0,8.5,5.5,0,0,6,0,0,3,1.5,1,6
E17,1,0,0,0,0,0,0,0,0,0,0,0,0,0,0,0,0,0,0,0,0
E18,1,0,1.5,2,0,0,0,0,5.5,0,0,0,0,0,0,0,0,0,0,0,0
E19,1,0,8,0,5,0,0,0,8,4.5,0,0,9,3,8.5,0,7,6.5,0,0,4
E20,1,0,0,0,0,0,0,0,0,0,0,0,0,0,0,0,0,0,0,0,0
E21,1,0,0,0,0,0,0,0,0,0,0,0,0,0,0,0,0,0,0,0,0
E22,1,0,0,0,0,0,0,0,0,0,0,0,0,0,0,0,0,0,0,0,0
E23,1,0,0,0,0,0,0,0,0,0,0,0,0,0,0,0,0,0,0,0,0
E24,1,0,0,2.5,0,0,0,0,0,0,0,0,5,9.5,8.5,0,0,0,0,0,0
E25,1,0,0,0,0,0,0,0,0,0,0,0,0,0,0,0,0,0,0,0,0
E26,1,0,0,0,8.5,0,0,1.5,0,6.5,8.5,0,0,2.5,0,10,0,0,0.5,0,4
E27,1,0,0,0,1,0,0,3.5,0,0,0,0,0,0,0,0,0,0,6.5,0,0
E28,1,0,0,0,0,0,9.5,0,3,0,0,0,0,0,0,0,0,3.5,0,0,0
E29,1,0,0,8.5,4,0,0,0,0,0,0,0,0,0,0,4,0,0,0,0,0
E30,1,0,0,0,0,0,0,0,0,0,0,0,0,0,0,0,0,0,0,0,0
E31,1,0,0,0,0,0,0,0,0,0,0,0,0,0,0,0,0,0,0,0,0
E32,1,0,0,0,5.5,0,7,0,6,3,0,0,0,0,0,0,0,5,0,0,0
E33,1,0,0,0,0,0,0,10,0,0,1,0,8.5,0,0,0,0,0,10,9.5,0
E34,1,0,0,0,0,0,0,0,0,0,0,0,0,0,0,0,0,0,0,0,0
E35,1,0,0,0,0,0,0,0,0,0,0,0,0,0,0,0,0,0,0,0,0
E36,1,0,0,0,0,0,0,0,0,0,0,0,0,0,0,0,0,0,0,0,0
E37,1,0,0,0,0,0,0,0,0,0,0,0,0,0,0,0,0,0,0,0,0
E38,1,0,0,0,0,0,0,0,0,0,0,0,0,0,0,0,0,0,0,0,0
E39,1,0,0,0,0,0,0,0,0,0,0,0,0,0,0,0,0,0,0,0,0
E40,1,0,0,0,1,0,5.5,0,0,0,0,2.5,0,0,6,0,0,0,0,0,1
E41,1,0,0,0,0,0,0,0,0,0,0,0,0,0,0,0,0,0,0,0,0
E42,1,0,0,0,0,0,0,0,0,0,0,0,0,0,0,0,0,0,0,0,0
E43,1,0,0,0,0,0,0,0,0,0,0,0,0,0,0,0,0,0,0,0,0
E44,1,0,0,0,0,0,0,0,0,0,0,0,0,0,0,0,0,0,0,0,0
E45,1,4.5,0,1,0,9,0,0,0,8.5,0,3,10,0,0,0,0,0,0,0,0
E46,1,0,4.5,2,6,0,0,0,0,0,0,0,7,10,5,2,5,0,2,5,0
E47,1,0,0,0,0,0,0,5.5,0,0,0,0,0,0,0,0,2.5,0,0,0,0
E48,1,0,0,0,0,0,0,0,0,0,0,0,0,0,0,0,0,0,0,0,0
E49,1,6.5,8,0,1,0,0,5,0,0,1.5,0,4.5,0,9,0,0,3,0,0,7
E50,1,5.5,3.5,0,0,8.5,0,0,9,0,0,0,0,5.5,0,4,8.5,10,5,0,2.5
E51,1,0,0,7,0,0,3,0,5,0,0,7.5,1.5,3,6.5,10,0,0,0,2,0
E52,1,4,0,0,0,0,0,5.5,0,0,0,0,0,0,0,0,0,0,0,0,0
E53,1,0,5.5,0,5,0,0,0,3,0,0,0,0,0,9.5,0,7.5,0,1.5,0,0
E54,1,6.5,0,0,7,0,0,0,0,0,4.5,3.5,0,0,6.5,0,0,0,0,0,0
E55,1,0,0,0,0,0,0,0,0,0,0,0,0,0,0,0,0,0,0,0,0
E56,1,0,0,0,9.5,0,4.5,5.5,3.5,0,0,0,4,0,6,10,0,0,0,2.5,2
E57,1,0,0,7.5,0,5,0,3,2.5,0,10,0,0,7,0.5,0,4,0,3,0,0
E58,1,1,6,0,0,0,0,0,0,0,0,5,0,0,0,5.5,0,0,0,0,0
E59,1,8.5,0,5,0,0,5.5,0,0,2.5,4.5,0,5,0,0,0,0,0,0,0,0
E60,1,6.5,0,0,0,0,0,0,0,0,0,8.5,0,0,7,1,0,0,0,0,6.5
E61,1,0,0,0,0,0,0,0,0,0,0,0,0,0,0,0,0,0,0,0,0
E62,1,0,8.5,0,4,0,9,8.5,2,0,0,0,1,0,5,0,0,0,9.5,0,1
E63,1,0,0,0,0,0,0,0,0,0,0,0,0,0,0,0,0,0,0,0,0
E64,1,0,0,0,0,0,0,0,0,0,0,0,0,0,0,0,0,0,0,0,0
E65,1,0,0,0,0,0,0,0,0,0,0,0,0,0,0,0,0,0,0,0,0
E66,1,0,0,6.5,0,9,0,0,0,8,0,0,5,0,0,7.5,4,0,4,0,5.5
E67,1,0,0,0,0,0,0,0,0,10,8.5,0,0,0,0,0,0,0,8.5,1.5,5
E68,1,0,0,0,0,0,0,0,0,0,0,0,0,0,0,0,0,0,0,0,0
E69,1,0,8.5,0,0,0,0,0,0,0,6.5,0,0,0,0,0,0,0,0,6.5,0
E70,1,0,6.5,0,0,0,0,0,0,0,0,0,0,0,9,0,0,0,9,0,0
E71,1,6.5,7,0,0,8.5,0,0,7.5,7,7,1.5,0,0,0,0,0,10,0,7.5,7.5
E72,1,0,0,0,3,0,0,0,1.5,0,7,8,0,0,1,5,4.5,0,6,0,0
E73,1,0,0,0,0,9.5,0,0,0,0,7.5,0,0,0,0,0,0,0,5.5,0,0
E74,1,0,0,0,0,0,0,0,0,0,0,0,0,0,0,0,0,0,0,0,0
E75,1,0,0,0,0,0,0,0,8.5,3.5,9,4.5,0,5.5,6,0,6.5,0,0,6.5,0
E76,1,0,0,0,0,0,0,0,0,0,0,0,0,0,0,0,0,0,0,0,0
E77,1,0,0,0,0,2.5,5,0,0,0,0,0,0,0,6,1,0,1,7,0,0
E78,1,0,0,8,0,0,0,0,0,0,9,0,0,0,0,0,0,0,0,0,0
E79,1,0,0,0,0,0,1,3,5,5.5,0,0,0,2,0,1,9,0,0,7.5,0
E80,1,0,0,0,0,0,0,0,0,0,0,0,0,0,0,0,0,0,0,0,0
E81,1,6.5,6.5,10,1.5,0,0,0,0,0,0,0,7,0,0,0,6,9,0,5.5,0
E82,1,0,0,0,0,0,0,0,0,0,0,0,0,0,0,0,0,0,0,0,0
E83,1,0,0,0,0,0,0,0,0,0,0,0,0,0,0,0,0,0,0,0,0
E84,1,0,0,0,1.5,0,0,2.5,0,0,0,0,6,0,0,0,0,8.5,0,0,0
E85,1,0,0,5,3.5,6.5,0,0,6,6,0,2,5,0,0,0,0,0,6,4,0
E86,1,0,0,0,0,0,0,0,0,0,0,0,0,0,0,0,0,0,0,0,0
E87,1,0,0,2.5,6.5,0,0,0,0,0,10,6,10,6,0,0,0,9.5,0,0,0
E88,1,0,0,0,0,0,0,0,0,0,0,0,0,0,0,0,0,0,0,0,0
E89,1,0,9.5,2.5,6,0,8.5,0,0,10,8,0,6,0,0,0,0,0,0,3.5,0
E90,1,1,0,0,5,0,3.5,0,0,0,0,3,4,0,0,6.5,7,0,7.5,4.5,0
E1,2,0,0,0,2,0,0,0,0,0,0,0,0,0,0,0,0,5,0,0,0
E2,2,6.5,0,0,0,0,5.5,0,9.5,9.5,4,0,0,0,1.5,0,2.5,0,0,0,9.5
E3,2,0,0,0,0,0,0,0,0,0,0,0,0,0,0,0,0,0,0,0,0
E4,2,0,0,0,0,0,0,0,0,0,0,0,0,0,0,0,0,0,0,0,0
E5,2,8,2.5,9.5,8,0,0,0,0,4.5,3.5,4,0,1.5,5.5,0,0,0,2.5,0,0
E6,2,0,9.5,0,0,0,0,0,0,0,0,0,0,0,0,7.5,0,10,0,9,6.5
E7,2,0,0,0,0,0,0,0,0,0,0,0,0,0,0,0,0,0,0,0,0
E8,2,0,3.5,10,3,3.5,0,0,2.5,0,0,1,3.5,7.5,0,0,6,0,0,1.5,0
E9,2,0,0,0,0,0,0,0,0,0,0,0,0,0,0,0,0,0,0,0,0
E10,2,8.5,3,9.5,0,0,0,6.5,2.5,0,0,0,8.5,7.5,0,0,0,0,2.5,3,6
E11,2,7,0,0,6.5,0,2.5,0,6,0,4.5,0,0,0,0,0,0,0,7,0,0
E12,2,3.5,0,8,0,0,0,5,0,1.5,9.5,0,0,0,0,0,6.5,0,0,0,0
E13,2,1.5,0,0,6,3,8.5,8,0,5.5,0,0,0,2.5,0,0,6.5,0,0,0,2.5
E14,2,0,0,0,0,0,3,8.5,3,5.5,0,0,9.5,0,0,0,0,0,0,4,0
E15,2,0,0,0,0,0,0,0,0,0,0,0,0,0,0,0,0,0,0,0,0
E16,2,0,0,0,0,0,0,0,0,0,0,0,0,0,0,0,0,0,0,0,0
E17,2,0,0,0,0,0,0,0,0,0,0,0,0,0,0,0,0,0,0,0,0
E18,2,0,0,0,0,0,0,0,0,0,0,0,0,0,0,0,0,0,0,0,0
E19,2,0,0,0,0,0,0,0,0,0,0,0,0,0,0,0,0,0,0,0,0
E20,2,0,3.5,7,0,0,0,9,0,0,0,0,5,5.5,6,4.5,0,6.5,7,0,0
E21,2,6.5,0,0,0,0,5.5,0,1.5,0,0,5,0,0,0,2,4.5,0,9,0,0
E22,2,0,0,0,0,0,0,0,0,0,0,0,0,0,0,0,0,0,0,0,0
E23,2,0,0,0,0,0,0,0,0,0,0,0,0,0,0,0,0,0,0,0,0
E24,2,0,0,0,0,0,0,0,0,0,0,0,0,0,0,0,0,0,0,0,0
E25,2,0,2,1,1,0,0,0,0,0,0,9.5,0,0,0,9.5,5,0,6.5,0,5.5
E26,2,0,0,0,0,3,9,1.5,10,0,8,0,0,0,0,0,0,0,2.5,0,5
E27,2,0,0,0,0,0,0,0,0,0,0,0,0,0,0,0,0,0,0,0,0
E28,2,0,0,0,0,0,0,0,0,0,0,0,0,0,0,0,0,0,0,0,0
E29,2,6.5,0,6,4,5,0,10,0,0,0,5,3.5,0,7,2.5,0,0,0,0,8
E30,2,7.5,10,0,0,0,7.5,0,0,0,0,0,8.5,0,0,0,0,0,0,0,0
E31,2,0,0,0,0,0,0,0,0,0,0,0,0,0,0,0,0,0,0,0,0
E32,2,0,0,0,0,0,0,0,0,0,0,0,0,0,0,0,0,0,0,0,0
E33,2,0,0,0,0,0,0,0,0,0,0,0,0,0,0,0,0,0,0,0,0
E34,2,4,0,0,0,0,2,3,0,9,0,0,0,8,0,0,0,0,0,0,4.5
E35,2,3,0,2,0,0,0,0,0,7,0,0,0,0,0,0,0,0,0,0,0
E36,2,0,0,0,0,0,0,8.5,9.5,1.5,0,0,0,8,0,0,0,0,0,0,0
E37,2,8.5,0,0,0,0,3,0,0,0,0,0,0,0,0,0,0,0,0,0,0
E38,2,0,6,0,0,0,0,0,0,3,0,0,0,0,6.5,0,0,7.5,6,0,0
E39,2,0,0,0,0,0,0,0,0,0,0,0,0,0,0,0,0,0,0,0,0
E40,2,0,3.5,0,1,0,0,0,9.5,7.5,0,9.5,0,0,10,0,3,10,0,10,0
E41,2,0,0,0,0,0,0,0,0,0,0,0,0,0,0,0,0,0,0,0,0
E42,2,0,4,0,9,6,0,0,0,7.5,9,0,0,0,0,0,0,4,0,6.5,0
E43,2,9.5,9.5,0,0,5,6.5,0,3.5,0,10,0,0,1,0,0,0,10,8,0,6
E44,2,0,0,0,0,0,0,0,0,0,0,0,0,0,0,0,0,0,0,0,0
E45,2,6,0,0,7,0,0,0,0,0,1.5,0,0,0,0,9,7,0,0,0,0
E46,2,0,0,0,0,0,0,0,3.5,8,8.5,0,0,0,0,0,0,7.5,0,0,0
E47,2,10,0,0,0,0,0,0,0,1.5,0,4,0,0,0,3,0,4,0,0,0
E48,2,0,0,8.5,6,0,0,0,4.5,0,0,0,0,2.5,0,0,0,5,0,3.5,0
E49,2,0,0,0,0,0,0,0,0,0,0,0,0,0,0,0,0,0,0,0,0
E50,2,0,0,0,0,0,0,0,0,0,0,0,0,0,0,0,0,0,0,0,0
E51,2,0,0,0,0,0,0,0,0,0,0,0,0,0,0,0,0,0,0,0,0
E52,2,0,0,0,0,1.5,0,0,0,0,0,9,4,0,0,0,3.5,0,5,0,0
E53,2,0,0,0,0,0,0,0,0,0,0,0,0,0,0,0,0,0,0,0,0
E54,2,1,7.5,0,0,2.5,5,0,0,0,6,0,0,0,0,2.5,0,0,0,0,0
E55,2,0,0,0,0,0,0,0,0,0,0,0,0,0,0,0,0,0,0,0,0
E56,2,0,0,0,5,4.5,0,0,0,0,0,9,0,0,5,0,0,10,5.5,0,6.5
E57,2,0,0,0,0,5,0,0,0,0,0,0,0,0,0,7.5,0,0,0,1,7
E58,2,7.5,0,0,8,1,0,0,0,6,0,1.5,5,0,0,4,6,9,0,0,1.5
E59,2,0,0,0,0,0,0,0,0,0,0,0,0,0,0,0,0,0,0,0,0
E60,2,0,0,0,0,0,0,0,0,0,0,0,0,0,0,0,0,0,0,0,0
E61,2,0,10,0,0,0,0,0,0,0,5,0,10,8,5.5,5.5,0,0,5.5,0,6.5
E62,2,0,0,0,0,0,0,0,0,0,0,0,0,0,0,0,0,0,0,0,0
E63,2,0,0,0,1.5,0,0,0,4.5,0,0,0,0,0,0,0,0,0,0,0,0
E64,2,0,0,0,0,0,0,0,0,0,0,0,0,0,0,0,0,0,0,0,0
E65,2,0,2,0,0,0,0,0,0,0,5,0,0,0,0,0,0,0,0,0,0
E66,2,0,0,7.5,0,9.5,0,0,0,5,0,4.5,0,4,0,0,0,0,0,6,0
E67,2,0,0,0,0,4.5,5.5,0,4.5,0,0,0,0,0,0,0,0,0,7,0,0
E68,2,7,0,3.5,0,0,10,0,0,0,2.5,0,0,5.5,0,0,0,3.5,7,0,2.5
E69,2,0,0,0,0,0,0,0,0,0,0,0,0,0,0,0,0,0,0,0,0
E70,2,0,0,0,0,0,0,0,0,4.5,0,8.5,0,0,3.5,7.5,1,2.5,0,0,0
E71,2,0,0,0,0,0,0,0,0,0,0,0,0,0,0,0,0,0,0,0,0
E72,2,2,1.5,2,7,0,9,0,1,0,0,0,7,0,8.5,0,0,0,0,0,0
E73,2,0,8.5,0,0,1.5,0,0,0,0,0,0,0,5.5,7,6.5,3,0,0,6,3.5
E74,2,0,6,0,0,9,0,0,0,0,0,0,1.5,0,0,0,0,0,0,0,5
E75,2,0,9,0,0,0,0,0,0,0,2.5,0,0,7.5,8.5,7.5,0,8.5,7.5,0,0
E76,2,0,1,7.5,0,0,0,0,9,0,0,0,0,0,0,0,0,3.5,2.5,4.5,0
E77,2,0,0,0,0,5.5,0,0,0,0,0,0,0,0,0,0,0,0,0,6,0
E78,2,0,0,0,5,8.5,0,0,3,0,0,0,8.5,0,0,0,0,0,0,6.5,0
E79,2,0,0,0,0,0,0,0,0,0,0,0,0,0,0,0,0,0,0,0,0
E80,2,0,0,2,0,0,0,6.5,0,0,7.5,7,5,0,0,0,0,7.5,8.5,7.5,7.5
E81,2,0,0,5,0,0,0,0,0,8.5,0,0,0,0,0,0,0,0,8.5,0,0
E82,2,0,0,9,0,10,0,0,0,5.5,3.5,2.5,5.5,2.5,9.5,0,0,1,0,0,7
E83,2,0,0,5,5.5,0,1.5,9.5,8,0,0,0,0,0,3,0,6.5,0,7.5,0,0
E84,2,0,0,0,0,0,0,0,0,0,0,0,0,0,0,0,0,0,0,0,0
E85,2,0,3.5,0,4.5,0,0,0,0,4.5,0,6.5,0,0,0,2,3.5,0,2,0,2.5
E86,2,1,7.5,6,1,0,0,0,0,0,6.5,0,0,0,0,0,0,0,7.5,1.5,4
E87,2,0,0,0,0,0,0,5.5,0,0,0,0,7,3,1,7,0,0,0,0,4.5
E88,2,4,0,0,6.5,2.5,0,0,5.5,0,0,0,0,5,8.5,2.5,0,0,2.5,0,5.5
E89,2,0,0,0,0,1.5,7,0,0,0,4.5,9.5,9,0,4,8,0,0,4.5,7.5,0
E90,2,0,0,0,7.5,1.5,10,0,0,9.5,0,0,0,0,0,1,4.5,2,0,0,0
E1,3,0,0,6,3.5,0,0,0,0,0,0,0,3,8,0,0,0,4.5,0,0,0
E2,3,0,0,0,0,6,0,0,9.5,0,4.5,0,0,0,0,0,0,0,0,0,0
E3,3,0,0,0,0,0,0,0,0,0,0,0,0,0,0,0,0,0,0,0,0
E4,3,0,0,0,6.5,0,0,0,0,0,0,0,6,0,0,0,0,2.5,0,0,0
E5,3,0,0,0,0,8,0,0,0,8,7,0,0,0,7.5,8.5,0,0,0,5,9
E6,3,0,0,7,0,0,1,0,0,0,9,0,0,4,0,5.5,0,0,0,0,0
E7,3,9.5,0,0,0,7,0,0,0,0,2.5,6,0,0,0,6,0,3,0,0,4.5
E8,3,0,0,0,3,0,5,0,9,0,0,0,0,0,3,8,0,0,0,0,0
E9,3,0,0,1.5,6,6,1.5,0,0,0,0,0,0,0,3,5.5,6,3.5,0,0,0
E10,3,0,0,0,0,0,0,0,0,0,0,0,0,0,0,0,0,0,0,0,0
E11,3,0,6,0,0,0,0,0,0,0,7,6.5,0,8.5,0,0,4.5,0,4.5,0,0
E12,3,4,0,0,0,0,0,0,4,0,0,0,0,0,0,0,0,0,0,0,0
E13,3,0,6.5,0,0,0,0,3.5,0,8,0,0,0,8,2,0,0,7,0,0,0
E14,3,0,0,0,0,0,0,0,0,0,0,0,0,0,0,0,0,5,0,2.5,10
E15,3,0,0,0,0,0,0,0,0,0,0,0,0,0,0,0,0,0,0,0,0
E16,3,0,0,2,0,0,3,1.5,1.5,6,2,0,5,0,0,0,0,3.5,10,6.5,0
E17,3,4.5,0,0,0,0,0,0,0,8,0,0,0,0,0,0,0,0,2.5,0,1.5
E18,3,0,5,0,0,0,9,0,0,0,0,0,0,3,7.5,0,0,0,1.5,6,0
E19,3,5,4,0,3,8,2.5,0,0,0,2.5,0,3,0,0,10,10,0,0,0,0
E20,3,0,0,0,0,0,0,0,0,0,0,0,0,0,0,0,0,0,0,0,0
E21,3,0,0,0,0,0,0,0,0,0,0,0,0,0,0,0,0,0,0,0,0
E22,3,0,0,0,0,0,0,0,0,0,0,0,0,0,0,0,0,0,0,0,0
E23,3,0,0,0,0,8,0,7,2,0,9.5,4.5,6,8,1,0,0,0,1.5,0,7.5
E24,3,5,0,0,0,0,6,3,0,2.5,5,0,9,4.5,0,10,0,0,0,0,0
E25,3,0,0,0,0,0,0,0,0,0,0,0,0,0,0,0,0,0,0,0,0
E26,3,0,0,5,3.5,0,8.5,0,0,1.5,2,3,0,0,0,4.5,0,0,1,0,0
E27,3,5.5,1.5,0,5,0,0,0,4.5,0,3.5,4.5,1,0,7.5,0,1.5,8.5,0,0,0
E28,3,3.5,0,0,0,6.5,4,4.5,0,0,0,1,0,0,0,6.5,4.5,2.5,0,4.5,0
E29,3,0,0,0,7.5,0,0,0,0,0,0,0,0,0,0,0,0,0,0,6.5,2
E30,3,6,0,8.5,1.5,0,0,9,0,0,4,7.5,1,0,0,0,0,0,9.5,4,2.5
E31,3,0,0,0,0,0,0,0,0,0,0,0,0,0,0,0,0,0,0,0,0
E32,3,3.5,0,7.5,0,0,0,0,0,0,0,5.5,0,0,0,0,0,0,0,0,0
E33,3,7.5,0,0,0,0,6.5,0,7,0,1,7,0,0,0,6.5,0,0,0,0,0
E34,3,0,0,0,0,0,9,0,0,3.5,0,0,4.5,0,0,0,0,10,0,3,0
E35,3,0,0,0,0,0,0,0,0,0,0,0,0,0,0,0,0,0,0,0,0
E36,3,0,0,0,0,0,0,0,0,0,0,0,0,0,0,0,0,0,0,0,0
E37,3,10,0,8,0,8,0,0,7,1,0,5.5,7.5,0,7.5,0,0,0,8.5,0,0
E38,3,9,0,0,0,0,0,0,0,0,0,0,0,0,0,0,0,0,6.5,0,0
E39,3,10,3,0,0,0,8,0,0,0,0,0.5,0,0,0,0,0,0,0,0,10
E40,3,0,0,0,0,0,0,0,0,0,0,9,9,0,0,0,0,0,0,0,0
E41,3,6.5,6.5,8,7.5,0,2.5,0,0,3,0,0,0,0,0,8.5,7.5,0,9,0,7
E42,3,0,0,9,6.5,0,0,0,0,0,8.5,0,10,0,7.5,0,0,1,3.5,6.5,5.5
E43,3,0,6,0,0,0,0,0,0,0,7,7,7,0,0.5,0,10,0,0,0,5
E44,3,0,0,0,0,0,0,0,0,0,0,0,0,1.5,0,0,0,0,0,3,0
E45,3,0,0,0,0,0,0,0,0,0,0,0,0,0,0,0,0,0,0,0,0
E46,3,0,0,0,0,0,0,0,0,0,0,0,0,0,0,0,0,0,0,0,0
E47,3,1,0,3,0,0,0,8,0,7.5,0,0,0,0,3.5,0,0,0,0,1.5,1.5
E48,3,7,5.5,0,9.5,0,0,0,0,9.5,5.5,0,0,0,2.5,0,5,0,1.5,0,0
E49,3,0,7.5,0,0,0,0,0,0,4,0,0,0,0,7.5,0,0,6.5,1,0,0
E50,3,0,10,3,0,2,7,2,0,7,0,1,8,0,0,0,7,0,0,0,9.5
E51,3,0,0,0,0,0,0,0,0,0,0,0,0,0,0,0,0,0,0,0,0
E52,3,0,8,0,0,0,2.5,8.5,0,9,2.5,8.5,3.5,0,0,3.5,0,0,0,5.5,6
E53,3,0,2,0,0,3.5,5.5,0,0,0,0,0,0,2.5,0,0,1.5,0,0,0,0
E54,3,0,0,0,0,0,0,0,0,0,0,0,0,0,0,0,0,0,0,0,0
E55,3,0,0,0,0,2.5,0,7.5,0,0,8,0,0,0,0,0,5,0,10,0,0
E56,3,9,10,7,3.5,0,4,7.5,3.5,0,0,0,0,0,0,0,0,0,2,0,0
E57,3,0,0,0,7.5,0,0,0,0,0,0,0,0,0,0,0,0,0,0,0,9.5
E58,3,0,0,0,0,0,0,0,0,0,0,0,0,0,0,0,0,0,0,0,0
E59,3,0,0,0,5.5,2.5,1,2,0,0,4.5,0,7.5,0,0,0,0,7.5,0,0,0
E60,3,0,0,0,0,0,0,0,0,0,0,0,0,0,0,0,0,0,0,0,0
E61,3,8.5,0,0,3.5,0,0,3.5,0,4.5,5.5,0,0,9.5,8.5,0,0,0,0,0,0
E62,3,0,0,0,0,0,0,0,0,0,0,0,0,0,0,0,0,0,0,0,0
E63,3,0,0,0,0,3.5,0,0,0,6,0,0,0,0,0,0,0,0,9,10,3.5
E64,3,0,0,0,9.5,0,3.5,0,5.5,0,0,6,0,0,7.5,0,0,3,0,3.5,0
E65,3,0,0,0,0,0,0,0,0,0,0,0,0,0,0,0,0,0,0,0,0
E66,3,0,0,0,0,0,0,0,0,0,0,0,0,0,0,0,0,0,0,0,0
E67,3,0,0,0,0,0,0,0,0,0,0,0,0,0,0,0,0,0,0,0,0
E68,3,0,0,0,5.5,9,0,0,0,0,0,0,0,0,0,0,0,0,0,0,0
E69,3,0,1.5,0,0,0,0,0,0,2,0,0,0,0,0,8.5,7.5,0,0,0,0
E70,3,0,0,5,0,0,8,7,0,9,0,0,0,0,0,0,6.5,0,0,10,8.5
E71,3,0,0,0,0,6.5,0,0,0,0,0,0,0,0,0,4.5,0,7,0,0,0
E72,3,0,5,0,0,0,0,0,10,0,0,0,0,2,0,0,0,2.5,0,0,8
E73,3,0,0,0,0,0,0,0,3,8,0,0,0,0,6,0,0,0,0,3.5,0
E74,3,3.5,0,4.5,0,7,0,0,2,0,8,2,0,7.5,0,0,0,0,0,6.5,0
E75,3,6,0,0,0,0,0,0,0,0,5,0,0,10,0,0,0,0,0,0,3.5
E76,3,0,0,9,5.5,0,0,0,6.5,0,0,9,0,8.5,0,0,4.5,1,4.5,0,0
E77,3,0,0,0,0,0,0,0,0,5.5,0,0,0,4,0,0,0,0,0,0,0
E78,3,0,0,0,0,0,0,0,0,0,0,7,0,0,0,0,0,0,0,0,7
E79,3,0,0,0,0,0,0,0,0,0,0,0,0,0,0,0,0,0,0,0,0
E80,3,0,0,0,0,0,0,0,0,0,0,0,0,0,0,0,0,0,0,0,0
E81,3,0,0,0,0,0,0,1,5,0,0,0,0,0,2,2.5,0,9,0,0,3.5
E82,3,0,0,0,0,0,0,0,0,0,0,0,0,0,0,0,0,0,0,0,0
E83,3,0,0,0,0,0,0,0,0,0,0,0,0,0,0,0,0,0,0,0,0
E84,3,0,0,0,0,0,0,0,0,0,0,0,0,0,0,0,0,0,0,0,0
E85,3,4.5,0,5,3,5.5,0,0,0,0,0,0,0,0,0,3,0,0,0,0,0
E86,3,0,0,0,5.5,0,0,0,0,0,0,0,0,0,0,0,0,0,0,3,0
E87,3,2,3,4.5,6,0,0,0,1,3,7.5,0,0,0,0,0,0,0,0,5,0
E88,3,0,0,0,0,0,0,0,0,0,0,0,0,0,0,0,0,0,0,0,0
E89,3,0,0,0,0,0,0,0,0,0,0,0,0,0,0,0,0,0,0,0,0
E90,3,0,5,9,0,6.5,0,4.5,0,6.5,0,2,0,0,0,0,0,0,10,0,4.5
E1,4,8.5,0,6.5,0,0,0,0,0,3,0,0,0,5,0,8.5,5.5,0,9,0,1
E2,4,10,0,0,0,0,0,0,6.5,2.5,0,0,0,0,4.5,0,6,0,0,0,1
E3,4,0,0,0,1,2.5,9.5,1,0,0,0,1.5,6,3,0,6,9,0,3,0,0
E4,4,0,0,0,0,0,0,0,0,0,0,0,0,0,0,0,0,0,0,0,0
E5,4,0,0,0,0,0,0,0,0,0,0,0,0,0,0,0,0,0,0,0,0
E6,4,0,0,0,0,4,0,0,9,7.5,9,0,0,0,0,0,2.5,0,0,0,0
E7,4,0,0,0,0,0,0,0,0,0,0,0,0,0,0,0,0,0,0,0,0
E8,4,0,0,0,0,9.5,4.5,0,0,0,0,0,5,10,0,3,0,0,0,3.5,0
E9,4,0,8,0,7.5,0,0,0,9,9,0,0,0,0,0,0,0,0,0,0,6
E10,4,0,0,9,0,0,0,0,0,0,0,0,0,0,0,6.5,4,3.5,0,0,0
E11,4,0,0,0,0,0,0,0,0,0,0,0,0,0,0,0,0,0,0,0,0
E12,4,0,0,0,0,0,0,0,0,0,0,0,0,0,0,0,0,0,0,0,0
E13,4,10,6,6,0,0,0,7,4.5,6,0,0,0,0,0,0,0,0,0,0,0
E14,4,3.5,0,1.5,2.5,5.5,0,0,0,0,0,0,0,0,0,1,3.5,0,0,0,0
E15,4,0,5.5,0,10,5,0,0,0,0,2,7,0,8.5,0,0,1,4.5,4,0,0
E16,4,5,3.5,0,7,0,9,2,0,0,5,0,0,0,0,4,2,7,0,0,0
E17,4,8,0,0,8.5,0,6,1.5,2.5,0,0,4.5,0,0,3,3.5,0,0,6.5,0,7
E18,4,0,5,0,0,0,0,0,0,0,0,2,0,3,8.5,0,2,0,6.5,0,7
E19,4,0,0,3,3.5,0,9.5,0,7,0,6.5,0,0,0,0,0,0,0,6,4,0
E20,4,0,0,0,0,0,0,0,0,0,0,0,0,0,0,0,0,0,0,0,0
E21,4,0,0,1,0,0,1.5,5.5,0,0,0,0,7.5,0,0,8,9.5,5,0,0,7.5
E22,4,0,0,0,0,8,0,2.5,0,4,10,0,0,1,4,0,9.5,10,0,0,0
E23,4,0,0,0,0,0,0,0,0,0,0,0,0,0,0,0,0,0,0,0,0
E24,4,0,0,0,0,0,0,0,0,0,0,0,0,0,0,0,0,0,0,0,0
E25,4,0,0,0,0,0,0,0,0,0,0,0,0,0,0,0,0,0,0,0,0
E26,4,0,0,0,0,0,7.5,0,0,0,0,2.5,0,2.5,0,0,5,0,0,5.5,0
E27,4,0,5,5.5,0,0,0,7,0,0,0,8,0,0,0,0,0,0,0,0,9.5
E28,4,0,0,0,0,0,0,0,8,0,0,9.5,0,3.5,0,0,0,0,0,0,0
E29,4,3,0,9.5,0,0,0,0,8.5,0,0,3,0,9.5,8,0,10,5.5,2.5,0,1
E30,4,0,7,0,3,0,4,0,0,1,7,0,5,0,0,0,4.5,7,9,0,0
E31,4,0,0,0,0,0,0,0,0,0,0,0,0,0,0,0,0,0,0,0,0
E32,4,3.5,0,0,0,4,4,0,9,0,2.5,4,0,0,0,4.5,0,6,8.5,6.5,0
E33,4,0,0,0,7.5,0,4.5,0,0,0,0,0,0,9.5,0,5,0,0,10,0,0
E34,4,0,8.5,0,9,0,0,0,4,4.5,4,0,0,0,1.5,0,7.5,2,4.5,10,0
E35,4,0,0,0,0,0,0,0,0,0,0,0,0,0,0,0,0,0,0,0,0
E36,4,0,0,0,0,0,0,0,0,0,0,0,0,0,0,0,0,0,0,0,0
E37,4,0,0,0,0,0,0,0,0,0,0,0,0,0,0,0,0,0,0,0,0
E38,4,0,0,0,0,0,0,0,3,0,0,7.5,0,0,0,0,0,0,0,0,0
E39,4,0,0,0,0,0,0,0,0,0,0,0,0,0,0,0,0,0,0,0,0
E40,4,0,0,0,0,0,0,0,0,0,0,0,0,0,0,0,0,0,0,0,0
E41,4,0,0,0,0,6.5,0,0,4.5,0,0,0,3,0,0,0,0,0,0,0,0
E42,4,0,6,0,10,0,7,7,0,0,2,0,0,0,4.5,4,0,9.5,0,0,0
E43,4,4,0,0,0,0,0,7.5,0,5.5,0,0,1.5,0,4,0,8.5,4,0,0,0
E44,4,0,0,0,0,8,6,9.5,0,7.5,3.5,0,0,0,0,0,9.5,0,0,0,0
E45,4,0,0,0,0,0,0,0,0,0,0,0,0,0,0,0,0,0,0,0,0
E46,4,7,0,0,2.5,0,8.5,5.5,0,0,6.5,8.5,1,0,0,0,0,0,6,0,0
E47,4,3,5.5,0,3,5.5,7.5,0,1.5,0,4,8.5,0,0,7,0,0,0,0,0,0
E48,4,0,0,2.5,0,8,0,0,0,0,0,0,0,9,3,0,0,1,3,2,0
E49,4,4.5,0,2.5,3.5,0,0,6.5,0,0,0,8.5,7,3.5,7,3.5,0,0,0,2.5,0
E50,4,0,9,4.5,0,6.5,6,0,0,0,0,1.5,0,0,0,0,0,6.5,0,10,0
E51,4,0,1.5,0,7,6,0,0,0,6.5,0,0,0,0,0,0,0,0,5,0,0
E52,4,0,0,0,7.5,0,0,0,6,2.5,0,0,3,6,6.5,0,0,0,2.5,0,0
E53,4,0,3.5,0,0,0,0,0,0,0,2.5,0,5.5,0,7.5,0,0,0,0,0,5.5
E54,4,0,0,0,0,0,0,0,0,0,0,0,0,0,0,0,0,0,0,0,0
E55,4,6,4,7.5,0,0,7.5,0,0,0,2.5,0,0,6.5,5.5,0,0,0,0,10,0
E56,4,0,0,0,0,0,0,0,0,0,0,0,0,0,0,0,0,0,0,0,0
E57,4,0,0,0,0,0,0,0,0,0,0,0,0,0,0,0,0,0,0,0,0
E58,4,0,0,0,0,0,0,0,0,0,0,0,0,0,0,0,0,0,0,0,0
E59,4,8.5,0,0,0,9.5,5.5,9.5,0,3.5,0,0,8,8.5,0,7,2,0,3.5,0,0
E60,4,0,0,0,8.5,0,0,0,0,0,8.5,0,0,0,1.5,0,0,0,4,0,7.5
E61,4,0,0,0,0,0,6.5,0,5.5,0,0,0,4.5,9.5,0,0,0,0,2.5,2,0
E62,4,0,0,7,0,5.5,5,5,0,4,0,0,0,0,0,8.5,2,3.5,1.5,0,0
E63,4,0,0,0,6.5,5,0,0,0,0,0,0,1.5,0,5.5,0,0,7,10,8.5,0
E64,4,0,0,0,0,0,0,0,0,0,10,0,0,0,0,9.5,0,3,0,0,0
E65,4,0,0,0,0,0,0,0,0,0,0,0,0,0,0,0,0,0,0,0,0
E66,4,10,0,0,6,0,6,0,0,0,4,0,0,0,0,0,0,0,7.5,0,0
E67,4,0,0,8.5,0,0,9,0,0,0,0,6,9,0,0,0,0,8.5,2,0,1
E68,4,0,0,0,6,0,0,0,0,0,9,0,0,0,0,0,0,0,1.5,0,9.5
E69,4,0,0,0,0,0,0,0,0,0,0,0,0,0,0,0,0,0,0,0,0
E70,4,0,6.5,0,0,9,4,2,3,0,4,0,0,5.5,0,0,0,0,5,0,0
E71,4,0,10,5,0,0,3.5,0,0,4.5,0,7.5,2,0,0,0,0,0,0,9,1.5
E72,4,0,0,0,0,0,0,0,0,0,0,0,0,0,0,0,0,0,0,0,0
E73,4,0,0,0,0,0,7.5,0,0,0,8.5,0,0,0,0,0,4.5,0,0,0,7
E74,4,0,0,0,1.5,0,0,0,0,8.5,4,0,0,0,0,0,6,4,0,9,4.5
E75,4,0,0,0,0,6.5,0,0,3,0,0,0,0,0,0,0,0,0,6.5,6.5,0
E76,4,6,0,8.5,0,2,6,0,0,0,0,0,2.5,0,6,7,0,1.5,6,2,0
E77,4,9,7.5,0,1,4,0,0,0,1.5,0,0,0,0,10,0,0,5.5,0,0,4.5
E78,4,0,4.5,5.5,6.5,0,0,2,0,0,0,0,7.5,6.5,9.5,0,7,0,0,9,1.5
E79,4,0,0,0,2.5,4.5,5,0,0,0,0,0,0,8.5,0,0,0,0,2.5,0,5.5
E80,4,0,0,0,0,0,0,0,0,0,0,0,0,0,0,0,0,0,0,0,0
E81,4,7.5,0,8.5,0,0,0,1.5,8.5,0,8.5,0,5,0,2,0,1.5,9.5,0,0,0
E82,4,0,0,1,0,0,0,2,8,0,6.5,6,1.5,0,0,0,0,0,0,0,6
E83,4,0,0,0,0,0,0,0,0,0,0,0,0,0,0,0,0,0,0,0,0
E84,4,0,0,0,0,0,0,0,0,0,0,0,0,0,0,0,0,0,0,0,0
E85,4,0,4,1,0,7.5,0,0,0,0,9.5,0,0,0,0,7.5,0,0,0,5,0
E86,4,0,0,0,0,0,0,0,0,0,4,0,0,0,0,0,0,1.5,0,0,0
E87,4,0,0,8.5,6,3.5,5.5,0,4,0,5,8,0,0,9,5,2,0,0,0,0
E88,4,0,0,0,0,0,0,0,0,0,0,0,0,0,2.5,0,0,0,6.5,0,0
E89,4,7.5,0,3.5,0,0,0,0,5.5,3.5,0,0,8.5,7.5,0,9,2,0,0,9.5,9.5
E90,4,0,0,0,0,0,0,0,0,0,0,0,0,0,0,0,0,0,0,0,0
E1,5,0,0,0,0,1.5,3,0,0,1.5,0,0,0,0,0,0,0,6,9,8.5,0
E2,5,0,0,0,0,0,0,0,0,0,0,0,0,0,0,0,0,0,0,0,0
E3,5,2,7,0,0,3,0,0,0,5,0,0,0,0,0,0,5.5,0,0,0,0
E4,5,0,0,0,9.5,5.5,0,5.5,0,0,0,6,1.5,0,0,0,0,7,0,0,0
E5,5,0,0,0,0,0,4.5,9.5,0,0,0,10,0,3,10,4,7,0,0,0,8.5
E6,5,0,0,7.5,6.5,0,0,3.5,1,2,7,0,6.5,0,7.5,0,0,0,0,0,0
E7,5,0,0,0,0,0,0,0,0,0,0,0,0,0,0,0,0,0,0,0,0
E8,5,1.5,5,0,0,8.5,5,0,0,4.5,0,2,10,2.5,0,0,3,0,0,5.5,0
E9,5,5.5,1,0,0,0,0,0,5.5,0,5.5,0,0,0,0,0,0,0,0,0,0
E10,5,0,0,0,0,0,0,0,0,0,0,0,0,0,0,0,0,0,0,0,0
E11,5,8.5,0,0,0,0,0,0,4,6,0,7.5,0,0,0,0,0,6.5,6,6,0
E12,5,0,0,0,3.5,0,1,0,0,0,0,9,0,0,4.5,1,6.5,8.5,0,4.5,0
E13,5,0,0,0,0,7,1,9.5,9,0,0,5,0,5,0,0,0,0,0,9,7
E14,5,7.5,0,0,0,0,0,0,7,0,0,0,0,0,0,0,0,0,0,0,0
E15,5,0,0,4,3.5,0,0,4,5,0,0,8,0,0,0,0,0,3.5,2,3,0
E16,5,7,0,1,2,0,1.5,1.5,1.5,1.5,0,0,0,0,7.5,0,0,0,0,0,5
E17,5,0,0,0,0,0,0,0,0,0,0,0,0,0,0,0,0,0,0,0,0
E18,5,0,0,0,0,0,0,0,0,0,5,0,0,0,0,0,7,0,0,0,0
E19,5,0,0,0,0,0,0,0,0,0,0,0,0,0,0,0,0,0,0,0,0
E20,5,0,5.5,0,8,0,0,7.5,0,0,0,0,2.5,3.5,6.5,6,0,0,3,0,0
E21,5,0,6.5,8,0,0,9.5,0,0,4.5,4.5,0,0,0,0,6,7.5,3.5,1,1.5,0
E22,5,0,0,0,0,0,0,0,0,0,0,0,0,0,0,0,0,0,0,0,0
E23,5,0,1.5,5,0,7.5,0,0,8.5,3,6.5,9,0,0,0,9,6.5,0,0,0,8
E24,5,0,0,0,0,0,0,2.5,0,0,0,0,0,0,0,0,0,0,0,9.5,0
E25,5,2.5,0,6,0,0,0,0,2,6.5,0,2,0,0,0,0,0,0,0,0,0
E26,5,0,0,0,0,0,0,0,0,0,0,0,0,0,0,0,0,0,0,0,0
E27,5,0,1.5,0,0,0,6.5,1.5,0,0,1.5,7,8,9,0,0,0,2,0,8.5,0
E28,5,0,0,0,5,0,0,0,0,9.5,1,9.5,0,0,9.5,0,6,0,0,0,6.5
E29,5,0,0,0,0,0,0,0,0,0,0,0,0,0,0,0,0,0,0,0,0
E30,5,0,0,0,0,0,0,0,0,0,0,0,0,0,0,0,0,0,0,0,0
E31,5,4,3.5,4.5,0,0,0,9.5,5,0,0,0,0,0,8.5,8.5,2,2.5,0,1,0
E32,5,0,8,4,9.5,7,2,2.5,0,9,0,0,0,3.5,0,0,0,8,9,0,0
E33,5,0,0,0,0,0,9,0,0,0,0,0,0,0,0,0,0,0,0,0,3.5
E34,5,8.5,0,3.5,0,0,5.5,9,6.5,0,0,0,2,0,0,0,0,0,0,0,0
E35,5,0,0,9.5,0,0,0,8,0,0,5,0,9,0,0,0,0,6.5,0,1.5,0
E36,5,0,0,0,0,0,0,0,0,0,0,0,0,0,0,0,0,0,0,0,0
E37,5,0,0,0,0,0,0,0,0,0,0,0,0,0,0,0,0,0,0,0,0
E38,5,9.5,4.5,0,0,9,0,0,4,0,0,0,5.5,6,7,0,0,0,5.5,0,6
E39,5,0,0,0,0,3,5.5,0,4.5,8.5,0,0,4.5,4.5,0,0,3,4.5,0,6,0
E40,5,0,3.5,0,8,0,9,0,0,6,0,2,1.5,0,9,0,0,0,0,0,0
E41,5,0,0,0,0,0,0,0,0,0,0,0,0,0,0,0,0,0,0,0,0
E42,5,0,0,0,0,3.5,0,0,0,7.5,1,4,0,6.5,0,0,0.5,0,0,0,3
E43,5,0,0,0,6.5,0,3,1.5,0,0,6.5,9.5,1,0,0,4,0,6.5,0,4,9.5
E44,5,0,0,0,0,0,10,0,0,4.5,4.5,0,0,0,0,0,0,0,7.5,6.5,0
E45,5,9.5,0,0,10,9,7,0,0,0,3.5,0,0,0,0,2.5,0,0,0,0,0
E46,5,1,0,0,5.5,0,0,9,0,1.5,0,0,0,0,1,0,10,0,8,0,0
E47,5,5.5,9,8,0,3.5,4.5,0,0,6.5,6,0,0,0,0,0,3.5,0,0,0,0
E48,5,0,0,0,3.5,9.5,0,7.5,0,0,5,0,0,7,0,4.5,5,5,0,0,5.5
E49,5,0,0,0,0,0,0,0,0,0,0,0,0,0,0,0,0,0,0,0,0
E50,5,6,0,0,0,0,0,4.5,0,0,0,0,0,5,0,0,0,0,0,0,0
E51,5,0,0,0,0,0,4.5,0,0,0,0,0,0,0,5,0,0,0,0,0,8
E52,5,0,0,0,0,0,5.5,0,0,6.5,0,0,0,0,0,0,0,1.5,0,0,0
E53,5,0,0,0,0,0,1.5,0,0,0,7.5,0,6,0,0,2.5,0,9,0,0,4.5
E54,5,0,0,0,0,0,0,0,0,0,0,0,0,0,0,0,0,0,0,0,0
E55,5,0,0,0,0,0,0,0,0,0,0,0,0,0,0,0,0,0,0,0,0
E56,5,0,0,0,0,0,8,0,0,0,0,0,0,0,0,10,0,0,0,0,0
E57,5,8,10,2.5,0,0,9.5,10,0,1.5,0,0,0,7.5,0,0,0,9.5,1,0,6
E58,5,7.5,5,0,0,0,10,1,2.5,0,0,3.5,4,0,0,6.5,0,0,0,1.5,8
E59,5,0,1.5,0,2.5,0,0,0,0,0,0,0,0,0,0,0,0,0,7,0,10
E60,5,0,0,0,0,0,0,0,0,0,0,0,0,0,0,0,0,0,0,0,0
E61,5,0,0,0,0,0,0,0,0,0,0,0,0,0,0,0,0,0,0,0,0
E62,5,0,0,0,0,0,0,0,0,2.5,0,0,0,0,0,0,9.5,0,5.5,0,9
E63,5,0,0,0,4.5,0,0,0,0,0,0,0,0,0,0,0,0,1,0,7,0
E64,5,0,0,0,8,7.5,0,0,0,0,0,0,0,0,2.5,0,0,0,0,0,0
E65,5,0,1.5,0,0,0,0,0,1.5,0,0,0,0,0,0,0,0,0,0,0,0
E66,5,0,0,0,0,1.5,0,0,5.5,8.5,0,0,6.5,0,0,0,2,7,0,0,0
E67,5,0,0,0,0,0,0,0,0,0,0,0,0,0,0,0,0,0,0,0,0
E68,5,0,0,0,0,0,0,6.5,3,7,0,0,0,0,2,10,5,0,1.5,6,0
E69,5,0,0,0,0,0,0,0,0,0,0,0,0,0,0,0,0,0,0,0,0
E70,5,0,0,0,0,0,0,0,3.5,0,0,0,0,0,9,0,0,0,0,7.5,0
E71,5,0,0,1,0,9.5,0,0,0,0,3.5,0,0,0,0,0,0,0,3.5,5.5,0
E72,5,6.5,9.5,2.5,0,9,9,0,3,0,0,7,0,0,0,0,1,0,0,0,4
E73,5,0,0,0,0,0,0,0,0,0,0,0,0,0,0,0,0,0,0,0,0
E74,5,9,3.5,0,0,0,0,0,0,0,0,0,0,0,7,0,0,8,3,6.5,0
E75,5,1,0,6.5,1.5,0,0,0,0,0,0,3,7.5,0,3.5,0,6.5,8.5,5.5,7.5,0
E76,5,0,0,0,0,0,0,0,0,0,0,0,0,0,0,0,0,0,0,0,0
E77,5,0,0,0,0,0,8,0,0,9,7.5,0,0,7,0,0,0,0,0,0,0
E78,5,0,0,0,0,7,0,0,0,0,0,0,0,4,0,0,7,0,0,0,0
E79,5,1.5,8.5,0,0,0,0,4,0,0,0,8,8,8,1.5,0,0,0,7,4.5,0
E80,5,0,0,8,0,7.5,0,0,0,0,0,0,1,0,0,0,0,0,0,0,0
E81,5,6,0,0,0,2,9.5,6,0,0,5.5,0,0,0,0,0,0,7,3,3,0
E82,5,0,0,0,0,0,0,0,0,0,0,0,0,0,0,0,0,0,0,0,0
E83,5,0,6,0,0,0,0,7,0,4,9.5,0,7.5,0,0,0,4,0,1.5,3.5,0
E84,5,0,0,0,0,0,0,0,0,0,0,0,0,0,0,0,0,0,0,0,0
E85,5,0,0,0,0,0,8.5,0,0,0,0,0,0,0,0,0,0,0,0,2.5,0
E86,5,0,0,0,0,0,0,0,0,0,0,0,0,0,0,0,0,0,0,0,0
E87,5,0,0,0,0,0,0,0,0,0,0,0,0,0,0,0,0,0,0,0,0
E88,5,0,0,0,0,0,0,0,0,0,0,0,0,0,0,0,0,0,0,0,0
E89,5,6,0,8,2,0,0,0,0,3,6.5,0,0,8,2,0,5,0,1,0,0
E90,5,0,10,0,7.5,0,0,0,0,0,0,9.5,0,10,0,8.5,0,9.5,0,0,0
P1,1,0,1.5,0,0,0,0,0,0,0,0,0,0,0,0,0,3.5,0,0,7.5,0
P1,2,0,6.5,0,0,5,2.5,0,0,0,7.5,0,0,0,0,0,0,0,0,0,0
P1,3,0,7.5,0,4,0,2.5,0,8,1,3.5,0,0,0,0,0,5.5,0,4.5,0,7
P1,4,0,0,4.5,9,4.5,10,0,0,0,5,1,0,0,4.5,0,0,0,0,0,0
P1,5,0,0,2,0,0,0,6.5,0,0,0,0,0,1.5,0,0,0,0,3,3,0
P2,1,0,0,0,0,0,0,0,0,0,0,0,0,0,0,0,0,0,0,0,0
P2,2,0,0,0,0,0,0,0,0,0,0,0,0,0,0,0,0,0,0,0,0
P2,3,0,0,0,0,0,0,0,0,0,0,0,0,0,0,0,0,0,0,0,0
P2,4,0,0,0,0,0,0,0,0,0,0,0,0,0,0,0,0,0,0,0,0
P2,5,0,0,0,0,0,0,0,10,0,0,0,9,0,0,0,9.5,0,0,10,0
P3,1,0,5.5,0,0,0,0,0,6.5,1,0,0,0,0,0,10,0,5.5,0,0,0
P3,2,0,0,0,0,0,0,9,0,0,5.5,0,0,0,0,0,5,8.5,0,0,0
P3,3,0,0,0,1.5,0,0,3.5,0,0,0,0,0,0,0,0,0,0,0,0,0
P3,4,0,0,0,10,0,0,0,0,1.5,0,0,0,0,0,1.5,0,0,5.5,6,0
P3,5,0,0,0,0,0,0,0,0,0,0,0,0,0,0,0,0,0,0,0,0
P4,1,0,0,0,0,0,0,0,0,0,0,0,0,0,7,0,0,6,0,0,0
P4,2,0,0,0,0,0,0,0,0,0,0,0,0,0,0,0,0,0,0,0,0
P4,3,0,6,9,8,10,0,0,0,6,7.5,5,7.5,3.5,2,0,0,0,0,0,0
P4,4,0,0,0,0,0,0,0,0,0,0,0,0,0,0,0,0,0,0,0,0
P4,5,0,0,0,0,0,0,0,0,0,0,0,0,0,0,0,0,0,0,0,0
P5,1,6.5,6.5,0,7,0,0,0,9.5,4.5,0,0,0,0,0,0,2.5,0,0,5,0
P5,2,3,6.5,5,9,9.5,0,4,0,0,0,8,0,0,0,7.5,0,6.5,1.5,0,0
P5,3,0,0,0,2,0,7.5,0,0,0,2.5,8,0,0,0,0,0,0,0,0,1
P5,4,7.5,9.5,7,0,0,0,0,0,4.5,5,0,0,3.5,3.5,0,0,1.5,1,0,6.5
P5,5,0,0,0,0,0,0,0,0,0,0,0,0,0,0,0,0,0,0,0,0
P6,1,0,5,0,9,6.5,1,2,0,0,0,6.5,8.5,0,8,9,0,0,0,0,10
P6,2,0,0,4.5,0,0,10,0,0,0,0,0,0,0,1.5,0,0,0,7,0,0
P6,3,9,0,6.5,8,0,0,0,0,0,0,0,1,0,0,0,7,0,0,0,8.5
P6,4,8.5,0,0,0,0,0,0,0,3,0,0,0,0,0,10,5.5,0,0,0,0
P6,5,0,0,0,0,0,0,0,0,0,0,0,0,0,0,0,0,0,0,0,0
P7,1,0,9,0,0,0,0,0,0,0,0,0,0,4,0,0,0,0,0,0,0
P7,2,0,0,10,0,5.5,8.5,0,0,0,0,0,4,0,0,0,0,0,10,0,2
P7,3,0,6,0,0,0,0,1.5,1,7,0,0,0,2,6,0,0,0,0,0,5
P7,4,0,0,0,0,9,5,0,6,0,0,0,0,0,0,0,0,9,6,7,0
P7,5,8,0,0,0,5,8.5,0,0,0,0,0,0,0,0,9,0,0,0,0,0
P8,1,0,0,0,0,0,0,0,0,0,0,0,0,0,0,0,0,0,0,0,0
P8,2,0,0,0,0,0,0,0,0,0,0,0,0,0,0,0,0,0,0,0,0
P8,3,1,0,5.5,0,5,0,0,0,0,0,0,0,1,0,0,0,0,3,5,0
P8,4,0,6.5,0,6.5,0,5.5,8,8,0,5,0,0,0,0,0,0,0,0,2,0
P8,5,0,0,0,0,0,7.5,0,3,6.5,7,0,0,2,1.5,7.5,0,0,8.5,0,0
P9,1,0,0,0,2,4,0,0,0,10,0,0,2,0,0,0,5.5,1.5,0,4,0
P9,2,0,0,0,0,0,0,0,0,0,0,0,0,0,0,0,0,0,0,0,0
P9,3,0,0,0,0,0,0,0,0,0,0,0,0,0,0,0,0,0,0,0,0
P9,4,0,0,0,0,0,0,0,0,0,0,0,0,0,0,0,0,0,0,0,0
P9,5,0,3,8,0,8.5,4,1.5,0,0,1.5,0,0,0,6.5,0,0,0,0,0,7.5
P10,1,0,0,0,2.5,0,0,0,0,10,0,1,0,0,0,0,0,0,0,0,0
P10,2,0,0,0,0,6,0,0,0,0,0,0,0,0,0,0,0,0,0,0,1.5
P10,3,0,0,3,0,0,0,0,2,0,0,1,0,0,0,8.5,0,0,0,4,2.5
P10,4,0,1.5,0,0.5,6,0,0,0,8,4,0,0,0,9,0,4.5,0,0,0,8.5
P10,5,0,0,0,0,0,0,0,0,0,0,0,0,0,0,0,0,0,0,0,0
P11,1,0,0,5.5,6,0,0,0,8,5,0,0,3,0,0,0,0,0,3.5,4.5,0
P11,2,0,0,0,4.5,0,0,0,0,7.5,7,4,0,4,4,9.5,6.5,0,2.5,4.5,0
P11,3,1,0,5.5,0,1.5,8.5,0,1,6.5,0,6,0,0,0,4.5,0,0,0,7.5,0
P11,4,0,0,0,0,0,0,0,0,0,0,0,0,0,0,0,0,0,0,0,0
P11,5,0,0,0,0,0,0,0,0,0,0,0,0,0,0,0,0,0,0,0,0
P12,1,0,0,6.5,9,0,2,0,0,0,0,5,0,0,0,0,5.5,5,0,0,0
P12,2,0,0,0,0,0,0,0,0,0,0,0,0,0,0,0,0,0,0,0,0
P12,3,0,0,0,0,0,0,0,0,0,0,0,0,0,0,0,0,0,0,0,0
P12,4,0,0,0,5,0,0,0,0,0,0,0,7.5,5,0,8,6.5,0,0,0,0
P12,5,0,0,0,0,0,0,0,0,0,0,0,0,0,0,0,0,0,0,0,0
P13,1,0,0,3,0,6,0,0,0,3.5,0,0,0.5,0,0,0,5.5,0,0,0,0
P13,2,0,0,0,0,7,0,0,2.5,0,0,0,0,0,0,4,0,0,0,0,0
P13,3,0,3.5,0,8.5,0,0,2.5,2,0,0,3.5,0,1,0,0,0,0,10,8.5,7
P13,4,0,0,0,0,0,0,0,0,0,0,0,0,0,0,0,0,0,0,0,0
P13,5,0,0,0,0,0,0,0,0,0,10,0,0,0,0,0,0,0,7,0,0
P14,1,0,0,0,4,8.5,7.5,1.5,0,0,9.5,0,0,6.5,0,9,0,0,0,8,5
P14,2,0,0,0,0,0,6.5,6.5,0,0,0,0,0,0,0,0,0,8,0,0,0
P14,3,0,2,0,4,4,0,0,0,0,0,0,0,8.5,9.5,0,8,0,0,0,7
P14,4,0,0,0,0,0,0,0,0,0,0,0,0,0,0,0,0,0,0,0,0
P14,5,0,0,7,0,0,0,0,0,0,0,3,5.5,6.5,1,0,0,9,0,0,0
P15,1,0,0,0,0,0,0,0,0,0,0,0,0,0,0,0,0,0,0,0,0
P15,2,0,0,0,0,0,6,0,0,0,7,0,0,0,0,0,0,1.5,0,0,0
P15,3,0,5.5,0,0,0,0,0,3,0,0,0,0,0,0,0,0,0,1,0,0
P15,4,0,0,0,0,0,0,0,0,0,0,0,0,0,0,0,0,0,0,0,0
P15,5,0,0,0,8.5,0,0,0,0,0,0,0,0,9,4,0,9.5,6.5,6,0,4
P16,1,5,4,8.5,4,0,0,6.5,0,2.5,0,0,0,0,1.5,8.5,0.5,1.5,0,0,0
P16,2,0,0,0,0,0,0,9.5,0,3,0,0,0,7.5,6,0,0,0,0,0,0
P16,3,7,0,6.5,6,0,0,0,0,6.5,0,2.5,0,0,0,5.5,4,1,0,0,0
P16,4,0,0,0,0,0,0,0,0,0,0,0,0,0,0,0,0,0,0,0,0
P16,5,0,0,0,0,0,0,0,0,0,0,0,0,0,0,0,0,0,0,0,0
P17,1,0,0,0,5,0,0,0,0,0,8.5,0,0,0,0,0,0,9,0,0,5.5
P17,2,0,1.5,0,0,0,0,4.5,0,0,0,0,0,0,0,0,1,0,0,0,0
P17,3,0,4.5,0,0,0,6.5,5.5,6.5,0,2.5,0,0,0,0,0,4,0,3,0,6.5
P17,4,0,0,0,4,0,0,4.5,0,0,5.5,0,0,0,0,0,2.5,0,5,0,0
P17,5,0,0,1,0,0,0,0,0,0,5.5,0,4.5,7.5,0,5,0,7,0,0,0
P18,1,0,1,0,0,0,0,0,8,7.5,0,0,0,0,7.5,0,0,0,3,0,0
P18,2,0,0,0,0,0,9,0,0,0,0,0,0,0,0,0,0,6.5,0,0,0
P18,3,0,2.5,1,2.5,2,0,0,6,2,0,0,0,3.5,7.5,0,10,8,0,0,0
P18,4,0,0,0,0,0,0,0,0,0,0,0,0,0,0,0,0,0,0,0,0
P18,5,5,0,0,5.5,3,0,0,8,4.5,0,4,0,0,0,1,9,0,1,5.5,0
P19,1,0,0,0,0,0,0,0,0,0,0,0,0,0,0,0,0,0,0,0,0
P19,2,5.5,1,0,0,0,2,0,0,0,0,0,0,0,0,0,4,5,0,0,9
P19,3,0,0,0,0,0,0,0,0,0,0,0,0,0,0,0,0,0,0,0,0
P19,4,0,8.5,0,0,0,0,0,5,0,0,0,1,0,0,9,2.5,2.5,0,0,6.5
P19,5,3.5,0,9.5,0,0,0,1.5,0,2.5,10,6,0,10,1,0,0,0,4.5,0,5.5
P20,1,0,0,0,0,0,0,0,0,0,0,0,0,0,0,0,0,2,8.5,9,0
P20,2,0,7,0,0,3.5,0,0,0,2.5,0,0,0,0,0,0,0,0,0,0,1
P20,3,5.5,6,0,10,0,0,0,0,0,0,2,4.5,0,8,0,3,0,1,0,0
P20,4,8.5,0,4,4,0,0,0,5,7,0,0,9.5,0,0,0,9,5.5,7,0,2
P20,5,0,0,0,0,0,0,0,0,0,0,0,0,0,0,0,0,0,0,0,0
P21,1,0,0,0,0,0,0,0,0,0,0,0,0,0,0,0,0,0,0,0,0
P21,2,0,0,0,0,0,0,0,0,0,0,0,0,0,0,0,0,0,0,0,0
P21,3,0,0,0,0,9,0,0,0,0,0,0,0,0,0,0,0,0,0,0,1.5
P21,4,0,9.5,0,1.5,10,0,3,0,0,5.5,0,0,0,5,5.5,0,0,0,0,0
P21,5,0,0,0,0,0,0,0,0,0,0,0,0,0,0,0,0,0,0,0,0
P22,1,0,0,1,0,0,0,0,0,3,0,0,0,0,0,0,0,0,0,0,0
P22,2,0,0,0,0,0,0,0,0,0,0,0,0,0,0,1.5,5.5,0,0,0,0
P22,3,0,0.5,3.5,5.5,0,0,0,0,9.5,4,0,9,6,0,5.5,0,0,7.5,0,0
P22,4,0,0,0,5.5,0,7.5,0,0,0,0,0,4.5,0,0,0,0,0,0,0,0
P22,5,0,0,0,0,0,0,0,0,0,0,0,0,0,0,0,0,0,0,0,0
P23,1,0,9.5,0,0,8.5,0,0,0,0,0,0,0,0,0,0,0,0,0,0,0
P23,2,0,0,0,7.5,0,2.5,0,0,0,0,4,7.5,0,5.5,5,0,0,0,9.5,0
P23,3,0,0,0,0,0,0,0,0,0,0,0,0,0,0,0,0,0,0,0,0
P23,4,10,0,0,0,0,9.5,7.5,0,4.5,0,0,3,0,0,0,0,8.5,0,5.5,5.5
P23,5,0,0,0,0,0,0,0,0,0,0,0,0,0,0,0,0,0,0,0,0
P24,1,0,0,0,0,0,0,7.5,0,0,0,0,0,4,0,0,9,7,5.5,0,3
P24,2,0,0,0,0,0,0,0,0,0,0,0,0,0,0,0,0,0,0,0,0
P24,3,0,0,0,0,0,0,0,0,0,0,0,0,0,0,0,9.5,0,0,6,0
P24,4,0,4,0,0,0,0,0,0,7,0,0,0,4,0,0,0,0,0,1.5,10
P24,5,1,0,6.5,7.5,0,0,6,9,0,0,5,6,0,0,0,0,5,6,7.5,0
P25,1,0,0,0,0,0,0,0,6,0,0,0,9.5,0,0,0,0,0,0,0,0
P25,2,0,0,0,0,0,0,0,0,0,0,0,0,0,0,0,0,0,0,0,0
P25,3,8.5,4.5,0,0,3.5,0,0,0,0,0,0,0,5,2.5,6,9.5,0,0,0,0
P25,4,0,0,0,0,0,0,0,0,0,0,0,0,0,0,0,0,0,0,0,0
P25,5,0,0,0,8,3,0,7,7.5,0,7.5,0,0,0,0,10,10,1.5,0,0,3.5
P26,1,0,0,0,0,0,0,2.5,6.5,4.5,3,0,0,0,3.5,0,0,0,9,0,0
P26,2,0,0,0,0,0,0,0,0,0,0,0,0,0,0,0,0,0,0,0,0
P26,3,0,0,0,0,0,0,0,6.5,4,0,0,0,0,0,0,0,0,3,0,0
P26,4,0,0,0,0,1,0,4.5,0,0,5,5.5,10,0,3.5,9.5,0,4,9.5,3.5,0
P26,5,0,0,0,0,0,0,0,0,0,0,0,0,0,0,0,0,0,0,0,0
P27,1,0,0,0,0,0,0,0,0,0,0,0,0,0,0,0,0,0,0,0,0
P27,2,0,0,0,0,0,4.5,0,0,0,0,2,5,0,0,2.5,1,0,0,0,2.5
P27,3,0,0,0,0,0,0,0,0,0,0,0,0,0,0,0,0,0,0,0,0
P27,4,0,0,0,0,0,0,0,0,0,0,0,0,0,0,0,0,0,0,0,0
P27,5,0,0,0,0,0,0,0,0,0,0,0,0,0,0,0,0,0,0,0,0
P28,1,0,0,0,0,0,0,0,0,0,0,0,0,0,0,0,0,0,0,0,0
P28,2,0,1.5,0,0,0,0,0,0,0,0,0,0,0,0,0,0,0,0,0,9
P28,3,0,0,0,0,0,0,0,0,0,0,0,0,0,0,0,0,0,0,0,0
P28,4,5,10,0,0,0,10,8.5,8,0,1.5,3.5,1.5,6,0,4,0,0,0,0,0
P28,5,0,0,0,0,0,0,0,0,0,0,0,0,0,0,0,0,0,0,0,0
P29,1,0,0,0,7.5,7.5,0,2,0,0,0,0,0,3,9.5,4,6.5,0,4.5,1.5,0
P29,2,0,0,0,0,0,0,0,0,0,0,0,0,0,0,0,0,0,0,0,0
P29,3,0,0,0,0,0,0,0,0,0,0,0,0,0,0,0,0,0,0,0,0
P29,4,0,0,0,0,0,0,0,0,0,0,0,0,0,0,0,0,0,0,0,0
P29,5,0,0,0,0,9,0,0,0,0,0,0,0,7.5,0,0,0,0,0,2,0
P30,1,0,0,0,0,0,0,0,0,0,1,6,0,9,0,0,0,0,0,0,0.5
P30,2,0,0,0,0,0,0,0,0,0,0,0,0,0,0,0,0,0,0,0,0
P30,3,0,0,0,0,0,0,0,0,0,0,0,0,0,0,0,0,0,0,0,0
P30,4,0,0,0,0,0,0,0,0,0,0,0,0,0,0,0,6,0,6,0,0
P30,5,4,0,3.5,3.5,0,0,2.5,0,1.5,0,0,6,2,0,0,0,5,0,9,0
P31,1,0,0,0,0,0,0,0,0,0,0,0,0,0,7.5,9.5,0,0,7.5,0,0
P31,2,0,0,0,0,0,0,0,0,0,0,0,0,0,0,0,0,0,0,0,0
P31,3,0,4,0,0,1.5,0,0,9,9,5,2,0,0,0,0,0,0,0,0,9.5
P31,4,0,8,0,0,2,7.5,0,0,0,4.5,0,0,0,0,0,4.5,0,0,0,2.5
P31,5,0,0,0,0,0,0,0,0,0,0,0,0,0,0,0,0,0,0,0,0
P32,1,3,7.5,0,0,0,3,9,0,7,0,0,7,0,0,2.5,5.5,0,9.5,0,4.5
P32,2,0,0,0,1,6,0,0,0,1,0,4,0,5.5,0,0,2.5,7.5,0,0,10
P32,3,0,0,0,0,0,0,0,0,0,6,0,0,0,0,0,7,0,10,0,3.5
P32,4,4.5,0,3.5,0,0,0,0,0,3.5,0,0,0,0,7,0,1,2.5,0,0,0
P32,5,0,0,0,0,0,0,0,0,0,0,0,0,0,0,0,0,0,0,0,0
P33,1,0,0,0,0,0,5,6.5,0,0,0,4.5,6.5,0,0,5,0,0,0,0,0
P33,2,0,0,7.5,4.5,2.5,9.5,9.5,3.5,6.5,0,4.5,0,5,0,0,0,0,0,0,3
P33,3,0,0,0,0,0,0,0,0,0,6,0,0,0,4.5,1,6,0,0,0,5.5
P33,4,0,0,0,0,0,0,0,0,0,0,0,0,0,0,0,0,0,0,0,0
P33,5,0,0,0,0,0,0,0,4.5,0,0,0,0,0,0,10,0,9,0,0,0
P34,1,0,9.5,0,0,0,0,0,0,0,0,0,0,0,1,0,0,0,0,0,0
P34,2,0,0,0,0,0,0,0,0,0,0,0,0,0,0,0,0,0,0,0,0
P34,3,3.5,0,5.5,0,0,0,0,0,0,0,0,0,8.5,0,0,0,0,1.5,0,0
P34,4,2,0,0,0,6.5,4.5,3.5,0,0,0,7,0,0,0,4,8.5,0,4,0,4
P34,5,4.5,10,0,0,0,0,8,0,0,0,0,0,0,9.5,0,0,0,9,0,7
P35,1,7,0,0,0,0,0,0,0,0,0,0,0,0,0,0.5,0,0,0,0,0
P35,2,0,0,0,0,0,0,0,0,2,0,3,3.5,0,0,2,1.5,0,0,0,0
P35,3,0,0,0,0,0,0,0,0,0,0,0,0,0,0,0,0,0,0,0,0
P35,4,0,0,0,0,0,0,0,0,0,0,0,0,0,0,0,0,0,0,0,0
P35,5,0,0,0,10,0,1.5,0,8.5,0,0,1.5,0,0,0,0,0,0,6,2.5,0
P36,1,0,0,0,0,0,0,0,0,0,0,0,0,0,0,0,0,0,0,0,0
P36,2,0,0,0,0,0,0,0,0,0,0,6,3.5,3.5,0,0,0,0,0,0,0
P36,3,4.5,0,7,0,0,0,0,2,0,0,8.5,0,9.5,0,1.5,0,1,0,0,9.5
P36,4,0,6.5,10,5.5,0,0,0,2,0,0,0,0,0,0,8,0,0,5.5,4,0
P36,5,3,5,0,0,0,1,0,4,0,3,0,2,0,0,9,3.5,0,0,0,0
P37,1,0,0,0,0,8,0,6,10,0,4.5,0,1.5,7,3,5.5,0,0,0,0,1.5
P37,2,0,0,0,0,0,0,0,0,0,0,0,0,0,0,0,0,0,0,0,0
P37,3,0,0,0,0,0,9.5,0,3,5.5,0,0,0,1,4,6.5,0,0,3.5,6,10
P37,4,0,9,0,0,0,8,1.5,0,5,0,0,0,0,0,0,0,0,0,0,8.5
P37,5,10,2,0,0,0,0,0,4.5,0,0,0,0,0,0,0,0,0,0,0,0
P38,1,0,0,0,0,0,0,0,0,0,0,0,6,0,0,0,0,0,0,9,0
P38,2,0,2,9.5,0,0,0,2,10,0,6,0,0,5.5,6.5,0,0,0,9.5,0,0
P38,3,3,0,2.5,0,0,4.5,4,10,0,0,7.5,0,0,0,7,0,0,9.5,8,8
P38,4,0,0,0,0,0,0,0,7,0,3.5,0,0,0,0,0,0,0,0,5,0
P38,5,9.5,0,0,1.5,3.5,0,2,0,0,5,0,2.5,1.5,6,0,0,5,0,1.5,0
P39,1,0,0,0,0,0,0,0,0,0,0,0,0,0,0,0,0,0,0,0,0
P39,2,0,0,0,0,0,0,0,0,0,0,0,0,0,0,0,0,0,0,0,0
P39,3,8.5,0,8.5,0,0,0,0,9,0,0,9.5,7,0,6,3.5,1.5,0,3,4.5,0
P39,4,0,0,5.5,0,0,0,0,0,0,0,6,0,0,0,0,2.5,0,0,0,0
P39,5,0,0,0,0,0,0,0,0,0,0,0,0,0,0,0,0,0,0,0,0
P40,1,0,0,0,0,0,0,0,0,0,0,0,0,0,0,0,0,0,0,0,0
P40,2,0,0,0,0,0,0,0,0,0,0,0,0,0,0,0,0,0,0,0,0
P40,3,0,0,0,0,0,0,0,0,0,0,0,0,0,0,0,0,0,0,0,0
P40,4,5.5,0,5.5,0,2.5,10,0,0,9.5,8,5.5,0,0,0,6.5,2.5,0,0,0,5
P40,5,0,0,0,0,0,0,0,0,0,0,0,0,0,0,0,0,0,0,0,0
P41,1,0,0,0,0,0,0,4,0,9,6,0,0,6.5,4.5,0,0,5,0,0,3
P41,2,0,0,9,0,1.5,0,2,0,6.5,6.5,0,0,3.5,9,0,2.5,0,0,0,8
P41,3,3.5,0.5,0,4.5,4,5.5,0,1.5,0,0,9.5,1,0,2.5,0,0,0,0,0,3
P41,4,0,0,0,0,0,0,0,0,0,0,0,0,0,0,0,0,0,0,0,0
P41,5,0,0,0,0,0,0,0,0,0,0,0,0,0,0,0,0,0,0,0,0
P42,1,0,0,0,0,0,2,0,8.5,0,0,0,0,0,0,0,0,0,0,0,0
P42,2,6.5,3.5,0,0,0,0,2,0,0,8,0,0,0,3,5.5,6.5,0,0,5,8.5
P42,3,0,0,0,0,3,7.5,3,8,3,0,0,2,0,5,3,2,0,0,0,4.5
P42,4,0,0,5.5,0,0,0,0,0,0,4,0,0,0,0,8.5,0,0,0,0,0
P42,5,0,0,0,0,0,0,0,0,0,0,0,0,0,0,0,0,0,0,0,0
P43,1,0,0,0,0,0,0,0,8,3.5,0,1.5,0,0,0,0,0,0,1,0,0
P43,2,0,0,0,0,0,0,0,0,0,0,0,0,0,0,0,0,0,0,0,0
P43,3,0,0,0,0,0,0,0,0,0,0,0,0,0,0,0,0,0,0,0,0
P43,4,0,6,0,2.5,1,2.5,0,0,0,0,3,8,0,0,0,3,0,0,7,8.5
P43,5,0,0,0,0,0,0,0,0,0,0,0,0,0,0,0,0,0,0,0,0
P44,1,0,0,0,0,0,0,0,0,0,0,0,0,0,0,0,0,0,0,0,0
P44,2,0,0,0,0,0,0,0,0,0,0,0,0,0,0,0,0,0,0,0,0
P44,3,4,0,0,0,4.5,0,0,0,0,7.5,5.5,0,0,0,0,0,0,0,0,0
P44,4,0,0,0,7.5,0,0,0,0,0,0,0,0,0,1,0,1,0,0,0,0
P44,5,0,0,0,7.5,0,0,0,0,3.5,8,0,3,0,0,0,0,9.5,7,0,4.5
P45,1,7,0,0,9,8.5,4.5,4.5,5,0,0,0,0,0,0,0,0,3.5,0,0,0
P45,2,0,6.5,0,0,7,0,0,0,0,0,0,0,0,0,0,1.5,0,0,0,0
P45,3,0,0,0,0,0,0,0,0,0,0,0,0,0,0,0,0,0,0,0,0
P45,4,4,0,0,0,3.5,9.5,0,0,0,6.5,5.5,4.5,6,0,4.5,0,0,9.5,0,0
P45,5,0,0,0,0,0,0,0,0,0,0,0,0,0,0,0,0,0,0,0,0
P46,1,4.5,6.5,9.5,0,0,1.5,5.5,0,0,0,0,6,0,0,9,0,8,0,8.5,1
P46,2,0,0,6,0,7.5,3,0,4,0,0,0,0,9.5,2,0,1,3,0,3.5,0
P46,3,0,0,0,0,0,0,0,0,0,0,0,0,0,0,0,0,0,0,0,0
P46,4,0,0,0,6,0,0,0,0,0,0,0,0,0,0,0,0,0,3.5,0,0
P46,5,0,0,0,0,0,0,9.5,0,6,0,0,0,0,0,0,2,0,0,0,0
P47,1,0,0,0,0,0,0,0,0,0,0,0,0,0,0,0,0,0,0,0,0
P47,2,0,0,0,0,0,0,2.5,0,4,0,0,0,0,0,0,0,0,0,0,0
P47,3,0,0,0,0,0,0,0,0,0,0,0,0,0,0,0,0,0,0,0,0
P47,4,8.5,0,0,0,0,0,0,0,0,1.5,0,0,0,4.5,1,0,0,10,3.5,10
P47,5,0,0,0,0,0,0,0,0,0,0,0,0,0,0,0,0,0,0,0,0
P48,1,0,0,0,0,0,0,0,0,2,0,0,0,0,0,0,0,0,0,2,0
P48,2,4,0,0,0,3,0,10,0,0,2,0,0,0,0,10,0,0,0,0,0
P48,3,0,0,0,0,0,0,0,0,0,0,0,0,0,0,0,0,0,0,0,0
P48,4,0,0,0,0,0,0,0,0,0,0,0,0,0,0,0,0,0,0,0,0
P48,5,0,0,0,5.5,0,0,0,0,0,0,0,0,0,0,0,0,0,0,0,10
P49,1,4.5,6.5,0,0,0,0,1.5,6.5,0,2.5,7,9.5,0,2,0,0,0,7,1.5,0
P49,2,0,0,0,0,0,0,0,0,0,0,0,0,0,0,0,9,8,1,0,6.5
P49,3,1.5,0,0,0,0,0,0,0,0,2,0,0,0,0,8.5,9.5,0,0,0,0
P49,4,0,8.5,4,2,4,0,0,0,1,0,0,8,9.5,8,5,0,0,0,0,8
P49,5,6.5,9,0,8.5,0,3,7.5,0,0,0,0,6,2,1,5,0,0,0,0,8
P50,1,0,0,0,0,0,3,0,0,6,0,0,0,0,0,8.5,0,0,0,0,0
P50,2,5,0,0,0,0,0,0,0,0,0,5,0,1.5,1,0,0,0,0,1,0
P50,3,3,0,0,0,0,0,4,3.5,0,4,0,0,0,0,10,0,0,0,0,0
P50,4,0,0,0,0,4.5,0,0,0,4,0,0,0,0,9,0,0,0,4.5,0,0
P50,5,7,7,0,0,2,0,0,0,0,3.5,8,3,0,8,0,7,0,5.5,0,2.5
P51,1,0,0,0,0,3.5,7.5,0,1.5,0,10,0,0,9,0,3,0,0,0,0,0
P51,2,0,0,5.5,1.5,9,0,7.5,6.5,10,3.5,0,0,0,0,0,6,1,0,3.5,0
P51,3,0,0,0,0,0,8,4.5,0,1,0,0,0,0,0,9,0,0,3.5,1.5,0.5
P51,4,0,8.5,0,0,0,0,8.5,0,9,0,9.5,0,0,1.5,10,0,0,0,0,0
P51,5,3,4,2,6.5,0,0,3,0,0,10,0,0,0,1.5,0,0,0,4.5,0,8
P52,1,4.5,0,0,1,0,0,0,0,0,0,0,0,0,1,0,0,0,0,0,0
P52,2,0,0,0,0,0,0,0,0,0,0,0,0,0,0,0,0,0,0,0,0
P52,3,0,0,4,0,0,5,4.5,3,0,1.5,7,2,3,0,0,0,0,0,0,0
P52,4,5.5,2,8.5,7,0,0,0,2.5,0,0,0,4,0,0,0,0,5.5,8.5,0,0
P52,5,0,0,0,0,0,0,1,0,0,0,6,0,0,0,0,7,0,0,0,0
P53,1,0,0,0,0,6.5,2,8,3.5,9,3.5,8.5,0,0,10,7,0,0,0,0,0
P53,2,0,0,0,0,0,0,0,0,0,0,0,0,0,0,0,0,0,0,0,0
P53,3,0,0,0,0,0,0,0,0,0,0,0,0,6.5,0,0,0,10,0,2,0
P53,4,0,0,0,2.5,7.5,2.5,5.5,0,10,0,0,0,0,9.5,0,0,0,0,0,0
P53,5,6.5,0,7.5,0,7.5,0,0,0,0,0,1.5,0,7.5,0,0,0,0,6.5,9,0
P54,1,0,0,0,0,0,0,0,0,0,0,0,0,0,0,0,0,0,0,0,0
P54,2,0,0,9,0,0,0,0,8,0,0,0,0,0,0,2.5,0,0,0,0,0
P54,3,0,0,0,0,7.5,0,0,0,6,0,0,0,8.5,2.5,8,3.5,9,0,10,0
P54,4,0,0,2,1.5,8,0,9,3.5,0,0,0,0,0,8.5,0,0,1,0,0,6
P54,5,0,9,0,0,0,0,0.5,0,0,0,0,3.5,1.5,0,0,0,0,0,0,0
P55,1,0,0,0,0,0,0,4.5,0,5.5,0,0,2,0,0,0,9,0,1.5,0,0
P55,2,0,0,0,9.5,0,2.5,0,0,8,6,0,5.5,4,0,2,0,0,0,0,8.5
P55,3,0,0,0,0,0,1,0,0,0,0,0,8,6.5,0,0,0,0,0,6,0
P55,4,6.5,5,8,0,0,0,0,0,7,10,1,0,0,0,2,0,9.5,0,0,0
P55,5,0,0,0,0,0,5.5,0,0,0,0,0,0,0,0,0,6.5,0,0,0,8
P56,1,0,0,0,0,0,0,0,0,0,0,0,0,0,0,0,0,0,0,0,0
P56,2,0,0,0,0,0,4,0,3.5,8.5,0,0,4.5,6,0,2.5,3,3,0,9,0
P56,3,0,9.5,0,0,0,0,0,0,0,0,0,0,0,8.5,0,6,0,0,0,2
P56,4,0,0,0,0,0,0,0,0,0,0,0,0,0,0,0,0,0,0,0,0
P56,5,0,0,0,0,0,0,0,0,0,0,0,0,0,0,0,0,0,0,0,0
P57,1,0,5,0,0,0,8.5,6.5,0,0,0,0,0,0,0,0,0,0,0,1,6.5
P57,2,0,0,0,0,0,0,0,0,3.5,0,0,6.5,4,0,0,0,8,5.5,0,0
P57,3,0,0,0,0,0,0,0,0,0,0,0,0,0,0,0,0,0,0,0,0
P57,4,5,0,0,0,1.5,2,0,0,7,0,4.5,0,0,0,0,3.5,8,0,0,7.5
P57,5,0,0,0,0,0,0,0,0,0,0,0,0,0,0,0,0,0,0,0,0
P58,1,0,2,0,1.5,5,8.5,0,0,0,0,0,0,0,5.5,8.5,0,0,0,0,8.5
P58,2,0,0,0,0,0,0,0,0,0,0,0,0,0,0,0,0,0,0,0,0
P58,3,0,0,10,0,0,5,5.5,0,8,0,0,0,0,0,0,0,0,0,0,0
P58,4,0,0,0,0,0,0,0,0,0,0,0,0,0,0,0,0,0,0,0,0
P58,5,0,8.5,6,0,0,0,0,0,0,6,0,0,0,0,0,1,0,0,0,0
P59,1,0,7.5,0,0,0,0,3,9.5,0,0,0,6.5,2,0,0,4,0,0,0,0
P59,2,0,0,0,0,0,0,0,0,0,0,0,0,0,0,0,0,0,0,0,0
P59,3,0,0,6,0,6,4.5,3,0,1,0,7,2,0,1.5,0,0,0,10,0,0
P59,4,0,1.5,0,9,0,0,0,7,0,0,0,0,0,0,0,0,0,0,5.5,5.5
P59,5,0,9,0,0,0,0,0,0,0,0,0,0,0,0,0,4,0,0,7.5,0
P60,1,0,0,0,0,0,0,0,0,0,0,0,0,0,0,0,0,0,0,0,0
P60,2,5,0,0,9.5,0,0,8.5,0,0,0,0,4.5,6,9,3,0,0,0,7,0
P60,3,0,0,0,0,0,0,0,0,0,0,0,0,0,0,0,0,0,0,0,0
P60,4,0,0,0,0,0,0,0,0,0,0,0,0,0,0,0,0,0,0,0,0
P60,5,0,0,0,0,0,6,1,0,0,0,0,0,2,0,8,0,0,0,3,0